{
    "type": "FeatureCollection",
    "features": [
        {
            "type": "Feature",
            "properties": {
                "_gpxType": "trk",
                "name": "The Official Monday Night Viaduct Ride",
                "type": "cycling",
                "Description": "29.87 Miles, 2,487 feet of elevation gain.",
                "links": [
                    {
                        "href": "https://www.strava.com/routes/3413592741343008624"
                    }
                ],
                "coordinateProperties": {}
            },
            "geometry": {
                "type": "LineString",
                "coordinates": [
                    [
                        -81.67981,
                        36.13332,
                        1086.88
                    ],
                    [
                        -81.67967,
                        36.13315,
                        1086.87
                    ],
                    [
                        -81.67958,
                        36.13312,
                        1086.83
                    ],
                    [
                        -81.67956,
                        36.13304,
                        1086.57
                    ],
                    [
                        -81.67958,
                        36.13278,
                        1084.14
                    ],
                    [
                        -81.67962,
                        36.13256,
                        1082.38
                    ],
                    [
                        -81.67971,
                        36.13258,
                        1081.64
                    ],
                    [
                        -81.67978,
                        36.13254,
                        1081.51
                    ],
                    [
                        -81.68012,
                        36.13288,
                        1079.08
                    ],
                    [
                        -81.68027,
                        36.13298,
                        1078.74
                    ],
                    [
                        -81.68043,
                        36.13304,
                        1078.57
                    ],
                    [
                        -81.68061,
                        36.13306,
                        1078.57
                    ],
                    [
                        -81.6811,
                        36.13307,
                        1078.48
                    ],
                    [
                        -81.6812,
                        36.13299,
                        1078.78
                    ],
                    [
                        -81.68195,
                        36.13265,
                        1082.15
                    ],
                    [
                        -81.68221,
                        36.13249,
                        1084.39
                    ],
                    [
                        -81.68239,
                        36.1323,
                        1086.15
                    ],
                    [
                        -81.68266,
                        36.13189,
                        1088.8
                    ],
                    [
                        -81.68285,
                        36.13168,
                        1090.18
                    ],
                    [
                        -81.68307,
                        36.13149,
                        1092.11
                    ],
                    [
                        -81.68321,
                        36.13146,
                        1092.11
                    ],
                    [
                        -81.68364,
                        36.13152,
                        1095.02
                    ],
                    [
                        -81.6837,
                        36.13151,
                        1095.64
                    ],
                    [
                        -81.68378,
                        36.13146,
                        1095.92
                    ],
                    [
                        -81.68382,
                        36.13141,
                        1096.17
                    ],
                    [
                        -81.68384,
                        36.131,
                        1096.4
                    ],
                    [
                        -81.68381,
                        36.130485,
                        1093.84
                    ],
                    [
                        -81.68378,
                        36.12997,
                        1092.65
                    ],
                    [
                        -81.68383,
                        36.12988,
                        1092.53
                    ],
                    [
                        -81.68392,
                        36.12981,
                        1092.35
                    ],
                    [
                        -81.68409,
                        36.12978,
                        1092.07
                    ],
                    [
                        -81.68479,
                        36.12978,
                        1090.68
                    ],
                    [
                        -81.68549,
                        36.12978,
                        1091.33
                    ],
                    [
                        -81.68562,
                        36.12973,
                        1091.73
                    ],
                    [
                        -81.68575,
                        36.12966,
                        1092.43
                    ],
                    [
                        -81.6858,
                        36.12951,
                        1092.43
                    ],
                    [
                        -81.68579,
                        36.12945,
                        1092.43
                    ],
                    [
                        -81.68563,
                        36.12922,
                        1094.36
                    ],
                    [
                        -81.68527,
                        36.12846,
                        1097.35
                    ],
                    [
                        -81.68523,
                        36.12833,
                        1097.83
                    ],
                    [
                        -81.6853,
                        36.12781,
                        1097.88
                    ],
                    [
                        -81.6853,
                        36.12745,
                        1097.28
                    ],
                    [
                        -81.68536,
                        36.12713,
                        1097.12
                    ],
                    [
                        -81.68545,
                        36.12698,
                        1097.12
                    ],
                    [
                        -81.68558,
                        36.12687,
                        1097.18
                    ],
                    [
                        -81.68571,
                        36.12682,
                        1097.28
                    ],
                    [
                        -81.68585,
                        36.12683,
                        1097.66
                    ],
                    [
                        -81.68598,
                        36.12687,
                        1097.66
                    ],
                    [
                        -81.68606,
                        36.12692,
                        1097.85
                    ],
                    [
                        -81.68629,
                        36.12721,
                        1098.88
                    ],
                    [
                        -81.68652,
                        36.12778,
                        1103.05
                    ],
                    [
                        -81.68657,
                        36.12826,
                        1104.7
                    ],
                    [
                        -81.68683,
                        36.12855,
                        1106.1
                    ],
                    [
                        -81.68688,
                        36.12869,
                        1106.72
                    ],
                    [
                        -81.68688,
                        36.12884,
                        1107.33
                    ],
                    [
                        -81.68679,
                        36.12901,
                        1107.58
                    ],
                    [
                        -81.68665,
                        36.12923,
                        1109.26
                    ],
                    [
                        -81.6866,
                        36.12935,
                        1110.57
                    ],
                    [
                        -81.68656,
                        36.12971,
                        1112.3
                    ],
                    [
                        -81.68629,
                        36.13013,
                        1114.55
                    ],
                    [
                        -81.68619,
                        36.13034,
                        1115.44
                    ],
                    [
                        -81.68629,
                        36.1303,
                        1115.86
                    ],
                    [
                        -81.68647,
                        36.13014,
                        1117.02
                    ],
                    [
                        -81.68665,
                        36.13008,
                        1117.48
                    ],
                    [
                        -81.68679,
                        36.13009,
                        1118.24
                    ],
                    [
                        -81.687,
                        36.13018,
                        1119.77
                    ],
                    [
                        -81.68715,
                        36.13027,
                        1121.62
                    ],
                    [
                        -81.68719,
                        36.13034,
                        1121.62
                    ],
                    [
                        -81.68723,
                        36.13045,
                        1122.52
                    ],
                    [
                        -81.68724,
                        36.13068,
                        1123.96
                    ],
                    [
                        -81.68728,
                        36.13078,
                        1123.96
                    ],
                    [
                        -81.6875,
                        36.13112,
                        1126.33
                    ],
                    [
                        -81.68755,
                        36.13148,
                        1124.36
                    ],
                    [
                        -81.68759,
                        36.13154,
                        1123.77
                    ],
                    [
                        -81.68768,
                        36.1316,
                        1123.26
                    ],
                    [
                        -81.68853,
                        36.13189,
                        1122.17
                    ],
                    [
                        -81.68889,
                        36.1319,
                        1122.39
                    ],
                    [
                        -81.68907,
                        36.13193,
                        1122.79
                    ],
                    [
                        -81.68938,
                        36.13208,
                        1123.47
                    ],
                    [
                        -81.68983,
                        36.13224,
                        1125.04
                    ],
                    [
                        -81.69029,
                        36.13246,
                        1126.83
                    ],
                    [
                        -81.69037,
                        36.1326,
                        1128.47
                    ],
                    [
                        -81.69041,
                        36.13297,
                        1130.02
                    ],
                    [
                        -81.69054,
                        36.13303,
                        1130.53
                    ],
                    [
                        -81.69086,
                        36.13356,
                        1133.78
                    ],
                    [
                        -81.69117,
                        36.1342,
                        1136.41
                    ],
                    [
                        -81.69149,
                        36.13472,
                        1138.34
                    ],
                    [
                        -81.69184,
                        36.13536,
                        1141.36
                    ],
                    [
                        -81.69216,
                        36.1356,
                        1144.25
                    ],
                    [
                        -81.69269,
                        36.13581,
                        1145.69
                    ],
                    [
                        -81.69306,
                        36.13604,
                        1147.72
                    ],
                    [
                        -81.69332,
                        36.13628,
                        1148.46
                    ],
                    [
                        -81.69345,
                        36.13654,
                        1148.13
                    ],
                    [
                        -81.69349,
                        36.13669,
                        1148.13
                    ],
                    [
                        -81.6935,
                        36.13699,
                        1146.8
                    ],
                    [
                        -81.693455,
                        36.137545,
                        1145.59
                    ],
                    [
                        -81.69341,
                        36.1381,
                        1142.82
                    ],
                    [
                        -81.69328,
                        36.13829,
                        1142.29
                    ],
                    [
                        -81.69333,
                        36.13838,
                        1141.91
                    ],
                    [
                        -81.69341,
                        36.13846,
                        1141.91
                    ],
                    [
                        -81.69347,
                        36.13858,
                        1141.64
                    ],
                    [
                        -81.69359,
                        36.13863,
                        1140.97
                    ],
                    [
                        -81.69377,
                        36.13881,
                        1140.07
                    ],
                    [
                        -81.69382,
                        36.13893,
                        1139.77
                    ],
                    [
                        -81.69382,
                        36.1391,
                        1139.58
                    ],
                    [
                        -81.69377,
                        36.13955,
                        1139.6
                    ],
                    [
                        -81.69372,
                        36.13972,
                        1139.05
                    ],
                    [
                        -81.69412,
                        36.13988,
                        1138.67
                    ],
                    [
                        -81.69461,
                        36.14019,
                        1139.25
                    ],
                    [
                        -81.69481,
                        36.14039,
                        1139.78
                    ],
                    [
                        -81.69507,
                        36.14073,
                        1141.43
                    ],
                    [
                        -81.69547,
                        36.14155,
                        1147.77
                    ],
                    [
                        -81.695705,
                        36.14214,
                        1152.12
                    ],
                    [
                        -81.69594,
                        36.14273,
                        1154.83
                    ],
                    [
                        -81.6962,
                        36.14333,
                        1158.3
                    ],
                    [
                        -81.69646,
                        36.14393,
                        1160.07
                    ],
                    [
                        -81.69678,
                        36.14449,
                        1160.68
                    ],
                    [
                        -81.69718,
                        36.14492,
                        1160.99
                    ],
                    [
                        -81.69789,
                        36.14544,
                        1162.07
                    ],
                    [
                        -81.69856,
                        36.14573,
                        1164.02
                    ],
                    [
                        -81.69928,
                        36.14591,
                        1166.95
                    ],
                    [
                        -81.70028,
                        36.14601,
                        1171.71
                    ],
                    [
                        -81.701168,
                        36.146066,
                        1175.43
                    ],
                    [
                        -81.702056,
                        36.146122,
                        1179.87
                    ],
                    [
                        -81.702944,
                        36.146178,
                        1179.69
                    ],
                    [
                        -81.703832,
                        36.146234,
                        1173.07
                    ],
                    [
                        -81.70472,
                        36.14629,
                        1166.88
                    ],
                    [
                        -81.70519,
                        36.14627,
                        1162.07
                    ],
                    [
                        -81.70548,
                        36.14622,
                        1161.68
                    ],
                    [
                        -81.70551,
                        36.1462,
                        1161.46
                    ],
                    [
                        -81.7059,
                        36.14606,
                        1158.67
                    ],
                    [
                        -81.7063,
                        36.14584,
                        1155.76
                    ],
                    [
                        -81.70653,
                        36.14569,
                        1154.18
                    ],
                    [
                        -81.7068,
                        36.14544,
                        1152.62
                    ],
                    [
                        -81.70738,
                        36.14477,
                        1148.69
                    ],
                    [
                        -81.70774,
                        36.14444,
                        1148.12
                    ],
                    [
                        -81.70823,
                        36.1441,
                        1144.87
                    ],
                    [
                        -81.70913,
                        36.14358,
                        1143.1
                    ],
                    [
                        -81.70944,
                        36.14336,
                        1143.78
                    ],
                    [
                        -81.70957,
                        36.14323,
                        1144.11
                    ],
                    [
                        -81.70988,
                        36.14285,
                        1145.74
                    ],
                    [
                        -81.71024,
                        36.14233,
                        1148.25
                    ],
                    [
                        -81.71034,
                        36.14214,
                        1149.49
                    ],
                    [
                        -81.71043,
                        36.14191,
                        1151.09
                    ],
                    [
                        -81.71043,
                        36.14178,
                        1151.09
                    ],
                    [
                        -81.71038,
                        36.14107,
                        1151.78
                    ],
                    [
                        -81.71033,
                        36.14036,
                        1147.89
                    ],
                    [
                        -81.71034,
                        36.14014,
                        1147.16
                    ],
                    [
                        -81.71038,
                        36.13991,
                        1146.78
                    ],
                    [
                        -81.71047,
                        36.13974,
                        1146.48
                    ],
                    [
                        -81.7106,
                        36.13958,
                        1146.66
                    ],
                    [
                        -81.71092,
                        36.1393,
                        1148.58
                    ],
                    [
                        -81.71122,
                        36.13913,
                        1149.28
                    ],
                    [
                        -81.71145,
                        36.13904,
                        1150.05
                    ],
                    [
                        -81.71161,
                        36.13902,
                        1150.4
                    ],
                    [
                        -81.71185,
                        36.13905,
                        1150.86
                    ],
                    [
                        -81.71275,
                        36.13926,
                        1154.07
                    ],
                    [
                        -81.71293,
                        36.13925,
                        1154.34
                    ],
                    [
                        -81.71302,
                        36.13922,
                        1154.58
                    ],
                    [
                        -81.71319,
                        36.13908,
                        1155.34
                    ],
                    [
                        -81.71321,
                        36.13881,
                        1155.74
                    ],
                    [
                        -81.71311,
                        36.1384,
                        1156.32
                    ],
                    [
                        -81.71311,
                        36.13819,
                        1156.43
                    ],
                    [
                        -81.71316,
                        36.13804,
                        1156.71
                    ],
                    [
                        -81.71355,
                        36.13763,
                        1157.16
                    ],
                    [
                        -81.71378,
                        36.1373,
                        1157.73
                    ],
                    [
                        -81.71396,
                        36.13688,
                        1158.43
                    ],
                    [
                        -81.71424,
                        36.1361,
                        1158.25
                    ],
                    [
                        -81.71436,
                        36.13575,
                        1158.13
                    ],
                    [
                        -81.71437,
                        36.13566,
                        1157.96
                    ],
                    [
                        -81.71433,
                        36.13555,
                        1157.96
                    ],
                    [
                        -81.71419,
                        36.13541,
                        1157.82
                    ],
                    [
                        -81.714,
                        36.13531,
                        1157.66
                    ],
                    [
                        -81.71325,
                        36.13507,
                        1156.43
                    ],
                    [
                        -81.71311,
                        36.13497,
                        1155.96
                    ],
                    [
                        -81.71302,
                        36.13484,
                        1155.62
                    ],
                    [
                        -81.71298,
                        36.13472,
                        1155.62
                    ],
                    [
                        -81.71298,
                        36.13464,
                        1155.4
                    ],
                    [
                        -81.71306,
                        36.13448,
                        1155.1
                    ],
                    [
                        -81.71336,
                        36.134025,
                        1154.45
                    ],
                    [
                        -81.71366,
                        36.13357,
                        1154.29
                    ],
                    [
                        -81.71378,
                        36.13335,
                        1154.02
                    ],
                    [
                        -81.71382,
                        36.13315,
                        1153.81
                    ],
                    [
                        -81.71375,
                        36.13297,
                        1153.45
                    ],
                    [
                        -81.71351,
                        36.13252,
                        1153.18
                    ],
                    [
                        -81.71347,
                        36.13237,
                        1152.86
                    ],
                    [
                        -81.71348,
                        36.13225,
                        1152.86
                    ],
                    [
                        -81.7136,
                        36.13212,
                        1152.46
                    ],
                    [
                        -81.71378,
                        36.13202,
                        1152.34
                    ],
                    [
                        -81.714675,
                        36.13167,
                        1151.53
                    ],
                    [
                        -81.71557,
                        36.13132,
                        1148.02
                    ],
                    [
                        -81.71571,
                        36.13123,
                        1146.56
                    ],
                    [
                        -81.71584,
                        36.13111,
                        1145.31
                    ],
                    [
                        -81.71588,
                        36.13094,
                        1144.01
                    ],
                    [
                        -81.7158,
                        36.13071,
                        1139.89
                    ],
                    [
                        -81.71544,
                        36.13015,
                        1134.7
                    ],
                    [
                        -81.71508,
                        36.12959,
                        1127.02
                    ],
                    [
                        -81.7149,
                        36.1292,
                        1124.05
                    ],
                    [
                        -81.71487,
                        36.12876,
                        1121.24
                    ],
                    [
                        -81.71499,
                        36.12838,
                        1116.64
                    ],
                    [
                        -81.71516,
                        36.12805,
                        1114.27
                    ],
                    [
                        -81.715687,
                        36.127263,
                        1107.87
                    ],
                    [
                        -81.716213,
                        36.126477,
                        1099.3
                    ],
                    [
                        -81.71674,
                        36.12569,
                        1100.21
                    ],
                    [
                        -81.71696,
                        36.1254,
                        1100.83
                    ],
                    [
                        -81.71714,
                        36.12522,
                        1100.68
                    ],
                    [
                        -81.71728,
                        36.12513,
                        1100.37
                    ],
                    [
                        -81.71741,
                        36.12509,
                        1099.88
                    ],
                    [
                        -81.71763,
                        36.12505,
                        1099.38
                    ],
                    [
                        -81.71795,
                        36.12506,
                        1097.56
                    ],
                    [
                        -81.718575,
                        36.12519,
                        1093.62
                    ],
                    [
                        -81.7192,
                        36.12532,
                        1089.87
                    ],
                    [
                        -81.71943,
                        36.12532,
                        1088.14
                    ],
                    [
                        -81.71965,
                        36.12526,
                        1087.17
                    ],
                    [
                        -81.71982,
                        36.12517,
                        1086.26
                    ],
                    [
                        -81.72004,
                        36.12499,
                        1084.54
                    ],
                    [
                        -81.720837,
                        36.124363,
                        1078.75
                    ],
                    [
                        -81.721633,
                        36.123737,
                        1071.02
                    ],
                    [
                        -81.72243,
                        36.12311,
                        1065.61
                    ],
                    [
                        -81.72279,
                        36.12289,
                        1062.97
                    ],
                    [
                        -81.72324,
                        36.12269,
                        1058.24
                    ],
                    [
                        -81.72327,
                        36.12268,
                        1058.03
                    ],
                    [
                        -81.724223,
                        36.122378,
                        1052.69
                    ],
                    [
                        -81.725175,
                        36.122075,
                        1054.85
                    ],
                    [
                        -81.726128,
                        36.121773,
                        1057.51
                    ],
                    [
                        -81.72708,
                        36.12147,
                        1062.85
                    ],
                    [
                        -81.72722,
                        36.12144,
                        1063.66
                    ],
                    [
                        -81.72744,
                        36.12144,
                        1066.27
                    ],
                    [
                        -81.72789,
                        36.12153,
                        1069.13
                    ],
                    [
                        -81.72806,
                        36.12154,
                        1070.61
                    ],
                    [
                        -81.7282,
                        36.12153,
                        1070.61
                    ],
                    [
                        -81.72834,
                        36.12146,
                        1071.63
                    ],
                    [
                        -81.7287,
                        36.1212,
                        1074.25
                    ],
                    [
                        -81.72892,
                        36.12114,
                        1074.81
                    ],
                    [
                        -81.72901,
                        36.12113,
                        1075.11
                    ],
                    [
                        -81.72914,
                        36.12114,
                        1075.36
                    ],
                    [
                        -81.72932,
                        36.12119,
                        1075.67
                    ],
                    [
                        -81.72949,
                        36.12126,
                        1075.95
                    ],
                    [
                        -81.72977,
                        36.12145,
                        1077.02
                    ],
                    [
                        -81.72995,
                        36.12154,
                        1077.02
                    ],
                    [
                        -81.73007,
                        36.12156,
                        1077.22
                    ],
                    [
                        -81.73044,
                        36.12156,
                        1078.22
                    ],
                    [
                        -81.73058,
                        36.12158,
                        1078.61
                    ],
                    [
                        -81.73093,
                        36.12169,
                        1080.02
                    ],
                    [
                        -81.73179,
                        36.1221,
                        1082.5
                    ],
                    [
                        -81.73214,
                        36.12222,
                        1082.54
                    ],
                    [
                        -81.7325,
                        36.12226,
                        1081.6
                    ],
                    [
                        -81.7336,
                        36.122315,
                        1074.63
                    ],
                    [
                        -81.7347,
                        36.12237,
                        1066.54
                    ],
                    [
                        -81.73514,
                        36.12241,
                        1065.25
                    ],
                    [
                        -81.73544,
                        36.12247,
                        1064.88
                    ],
                    [
                        -81.73586,
                        36.12263,
                        1064.78
                    ],
                    [
                        -81.736495,
                        36.12295,
                        1065.01
                    ],
                    [
                        -81.73713,
                        36.12327,
                        1066.24
                    ],
                    [
                        -81.73742,
                        36.12335,
                        1066.39
                    ],
                    [
                        -81.73772,
                        36.12332,
                        1066.82
                    ],
                    [
                        -81.73787,
                        36.12326,
                        1067.21
                    ],
                    [
                        -81.73801,
                        36.12317,
                        1067.21
                    ],
                    [
                        -81.73814,
                        36.12299,
                        1069.59
                    ],
                    [
                        -81.73818,
                        36.12281,
                        1070.39
                    ],
                    [
                        -81.73822,
                        36.12234,
                        1071.61
                    ],
                    [
                        -81.73826,
                        36.12187,
                        1072.09
                    ],
                    [
                        -81.73823,
                        36.12153,
                        1072.08
                    ],
                    [
                        -81.73814,
                        36.12069,
                        1073.01
                    ],
                    [
                        -81.73814,
                        36.12031,
                        1073.24
                    ],
                    [
                        -81.73823,
                        36.12004,
                        1073.63
                    ],
                    [
                        -81.73835,
                        36.11983,
                        1073.72
                    ],
                    [
                        -81.73853,
                        36.11961,
                        1073.75
                    ],
                    [
                        -81.73926,
                        36.11898,
                        1074.42
                    ],
                    [
                        -81.73948,
                        36.11887,
                        1074.86
                    ],
                    [
                        -81.73965,
                        36.11885,
                        1074.92
                    ],
                    [
                        -81.73993,
                        36.11891,
                        1075.01
                    ],
                    [
                        -81.74014,
                        36.11889,
                        1075.15
                    ],
                    [
                        -81.74028,
                        36.11883,
                        1075.52
                    ],
                    [
                        -81.74051,
                        36.11859,
                        1075.9
                    ],
                    [
                        -81.74064,
                        36.11855,
                        1076.16
                    ],
                    [
                        -81.74092,
                        36.11858,
                        1076.31
                    ],
                    [
                        -81.74162,
                        36.11897,
                        1077.32
                    ],
                    [
                        -81.74177,
                        36.11907,
                        1077.57
                    ],
                    [
                        -81.74212,
                        36.11945,
                        1078.67
                    ],
                    [
                        -81.7423,
                        36.11957,
                        1079.34
                    ],
                    [
                        -81.743205,
                        36.119945,
                        1082.59
                    ],
                    [
                        -81.74411,
                        36.12032,
                        1084.47
                    ],
                    [
                        -81.74463,
                        36.12053,
                        1083.13
                    ],
                    [
                        -81.74508,
                        36.12068,
                        1080.61
                    ],
                    [
                        -81.74552,
                        36.12073,
                        1078.84
                    ],
                    [
                        -81.746305,
                        36.120755,
                        1077.22
                    ],
                    [
                        -81.74709,
                        36.12078,
                        1075.97
                    ],
                    [
                        -81.747937,
                        36.120815,
                        1075.22
                    ],
                    [
                        -81.748785,
                        36.12085,
                        1075.81
                    ],
                    [
                        -81.749632,
                        36.120885,
                        1080.22
                    ],
                    [
                        -81.75048,
                        36.12092,
                        1086.18
                    ],
                    [
                        -81.75092,
                        36.12093,
                        1087.58
                    ],
                    [
                        -81.75111,
                        36.12092,
                        1087.66
                    ],
                    [
                        -81.75143,
                        36.12085,
                        1087.35
                    ],
                    [
                        -81.75187,
                        36.12067,
                        1085.12
                    ],
                    [
                        -81.75282,
                        36.12023,
                        1086.18
                    ],
                    [
                        -81.75295,
                        36.12019,
                        1086.68
                    ],
                    [
                        -81.75327,
                        36.12013,
                        1087.97
                    ],
                    [
                        -81.7538,
                        36.12015,
                        1090.23
                    ],
                    [
                        -81.75453,
                        36.12026,
                        1091.91
                    ],
                    [
                        -81.75475,
                        36.12025,
                        1092.05
                    ],
                    [
                        -81.75496,
                        36.12019,
                        1092.22
                    ],
                    [
                        -81.75553,
                        36.11997,
                        1093.2
                    ],
                    [
                        -81.7561,
                        36.11975,
                        1095.75
                    ],
                    [
                        -81.75637,
                        36.11972,
                        1096.52
                    ],
                    [
                        -81.75729,
                        36.11978,
                        1100.89
                    ],
                    [
                        -81.75738,
                        36.11978,
                        1100.89
                    ],
                    [
                        -81.75749,
                        36.11975,
                        1101.28
                    ],
                    [
                        -81.75761,
                        36.11969,
                        1102.39
                    ],
                    [
                        -81.75766,
                        36.1196,
                        1102.39
                    ],
                    [
                        -81.7578,
                        36.11915,
                        1104.15
                    ],
                    [
                        -81.75788,
                        36.11905,
                        1104.52
                    ],
                    [
                        -81.75797,
                        36.11897,
                        1105.13
                    ],
                    [
                        -81.75811,
                        36.11893,
                        1106.22
                    ],
                    [
                        -81.75838,
                        36.11891,
                        1107.23
                    ],
                    [
                        -81.75859,
                        36.11894,
                        1107.23
                    ],
                    [
                        -81.759545,
                        36.11917,
                        1111.18
                    ],
                    [
                        -81.7605,
                        36.1194,
                        1114.67
                    ],
                    [
                        -81.76156,
                        36.11963,
                        1118.97
                    ],
                    [
                        -81.76215,
                        36.11967,
                        1120.64
                    ],
                    [
                        -81.76245,
                        36.11965,
                        1121.37
                    ],
                    [
                        -81.76312,
                        36.11953,
                        1124.03
                    ],
                    [
                        -81.76402,
                        36.11924,
                        1127.02
                    ],
                    [
                        -81.7642,
                        36.1192,
                        1127.46
                    ],
                    [
                        -81.76451,
                        36.11922,
                        1128.78
                    ],
                    [
                        -81.76527,
                        36.11939,
                        1131.23
                    ],
                    [
                        -81.76545,
                        36.11937,
                        1132.12
                    ],
                    [
                        -81.76554,
                        36.11933,
                        1132.12
                    ],
                    [
                        -81.76566,
                        36.11912,
                        1133.41
                    ],
                    [
                        -81.76563,
                        36.11885,
                        1134.06
                    ],
                    [
                        -81.76567,
                        36.11869,
                        1134.59
                    ],
                    [
                        -81.76576,
                        36.11862,
                        1135.09
                    ],
                    [
                        -81.76585,
                        36.11857,
                        1135.89
                    ],
                    [
                        -81.76593,
                        36.11856,
                        1135.89
                    ],
                    [
                        -81.76629,
                        36.11856,
                        1136.86
                    ],
                    [
                        -81.766905,
                        36.118605,
                        1139.09
                    ],
                    [
                        -81.76752,
                        36.11865,
                        1140.8
                    ],
                    [
                        -81.76782,
                        36.1187,
                        1142.07
                    ],
                    [
                        -81.76805,
                        36.11876,
                        1142.86
                    ],
                    [
                        -81.76859,
                        36.11895,
                        1144.77
                    ],
                    [
                        -81.76956,
                        36.11932,
                        1148.87
                    ],
                    [
                        -81.77002,
                        36.11947,
                        1150.36
                    ],
                    [
                        -81.77019,
                        36.11949,
                        1151.14
                    ],
                    [
                        -81.77042,
                        36.11949,
                        1152.54
                    ],
                    [
                        -81.77064,
                        36.11946,
                        1152.96
                    ],
                    [
                        -81.77158,
                        36.119223,
                        1158.08
                    ],
                    [
                        -81.77252,
                        36.118987,
                        1166.04
                    ],
                    [
                        -81.77346,
                        36.11875,
                        1171.48
                    ],
                    [
                        -81.77383,
                        36.11876,
                        1178.02
                    ],
                    [
                        -81.77463,
                        36.11895,
                        1183.21
                    ],
                    [
                        -81.77472,
                        36.11896,
                        1183.21
                    ],
                    [
                        -81.77489,
                        36.11893,
                        1184.5
                    ],
                    [
                        -81.77493,
                        36.1189,
                        1184.77
                    ],
                    [
                        -81.77503,
                        36.1188,
                        1185.78
                    ],
                    [
                        -81.77521,
                        36.11826,
                        1188.03
                    ],
                    [
                        -81.77543,
                        36.118,
                        1188.48
                    ],
                    [
                        -81.77557,
                        36.11789,
                        1188.64
                    ],
                    [
                        -81.7757,
                        36.11782,
                        1189.01
                    ],
                    [
                        -81.77633,
                        36.11755,
                        1188.98
                    ],
                    [
                        -81.77656,
                        36.11737,
                        1188.67
                    ],
                    [
                        -81.77669,
                        36.11726,
                        1188.02
                    ],
                    [
                        -81.777,
                        36.11681,
                        1185.83
                    ],
                    [
                        -81.77708,
                        36.11665,
                        1185.41
                    ],
                    [
                        -81.77713,
                        36.11639,
                        1183.6
                    ],
                    [
                        -81.77726,
                        36.116,
                        1183.32
                    ],
                    [
                        -81.77731,
                        36.11585,
                        1183.29
                    ],
                    [
                        -81.77754,
                        36.11543,
                        1182.9
                    ],
                    [
                        -81.77768,
                        36.11523,
                        1182.68
                    ],
                    [
                        -81.77802,
                        36.11493,
                        1182.31
                    ],
                    [
                        -81.77821,
                        36.11471,
                        1182.41
                    ],
                    [
                        -81.77839,
                        36.11442,
                        1182.47
                    ],
                    [
                        -81.77838,
                        36.11429,
                        1182.63
                    ],
                    [
                        -81.77816,
                        36.11413,
                        1182.77
                    ],
                    [
                        -81.77794,
                        36.11403,
                        1183.27
                    ],
                    [
                        -81.7774,
                        36.1139,
                        1184.45
                    ],
                    [
                        -81.77696,
                        36.11382,
                        1186.48
                    ],
                    [
                        -81.77683,
                        36.11377,
                        1186.8
                    ],
                    [
                        -81.77656,
                        36.11362,
                        1188.07
                    ],
                    [
                        -81.77597,
                        36.11315,
                        1189.66
                    ],
                    [
                        -81.775565,
                        36.11272,
                        1191.48
                    ],
                    [
                        -81.77516,
                        36.11229,
                        1192.51
                    ],
                    [
                        -81.77488,
                        36.1119,
                        1193.43
                    ],
                    [
                        -81.77468,
                        36.11154,
                        1194.03
                    ],
                    [
                        -81.77463,
                        36.11131,
                        1195.58
                    ],
                    [
                        -81.77462,
                        36.11122,
                        1195.58
                    ],
                    [
                        -81.77463,
                        36.11115,
                        1195.58
                    ],
                    [
                        -81.77472,
                        36.11105,
                        1195.58
                    ],
                    [
                        -81.7749,
                        36.11099,
                        1195.58
                    ],
                    [
                        -81.77508,
                        36.11094,
                        1196.8
                    ],
                    [
                        -81.77557,
                        36.11089,
                        1197.09
                    ],
                    [
                        -81.77615,
                        36.11054,
                        1198.5
                    ],
                    [
                        -81.77651,
                        36.1104,
                        1199.21
                    ],
                    [
                        -81.7766,
                        36.11035,
                        1199.21
                    ],
                    [
                        -81.77673,
                        36.11019,
                        1199.66
                    ],
                    [
                        -81.77692,
                        36.10983,
                        1200.47
                    ],
                    [
                        -81.777,
                        36.10977,
                        1201.08
                    ],
                    [
                        -81.77714,
                        36.10972,
                        1201.08
                    ],
                    [
                        -81.77758,
                        36.10964,
                        1202.44
                    ],
                    [
                        -81.77808,
                        36.10965,
                        1202.84
                    ],
                    [
                        -81.77821,
                        36.10962,
                        1202.84
                    ],
                    [
                        -81.77834,
                        36.10955,
                        1203.07
                    ],
                    [
                        -81.77848,
                        36.10942,
                        1203.59
                    ],
                    [
                        -81.77884,
                        36.10927,
                        1204.26
                    ],
                    [
                        -81.77893,
                        36.10921,
                        1204.26
                    ],
                    [
                        -81.77901,
                        36.10913,
                        1205.12
                    ],
                    [
                        -81.7791,
                        36.10896,
                        1205.12
                    ],
                    [
                        -81.77916,
                        36.1089,
                        1205.12
                    ],
                    [
                        -81.77987,
                        36.10854,
                        1207.35
                    ],
                    [
                        -81.77996,
                        36.10845,
                        1207.35
                    ],
                    [
                        -81.78001,
                        36.10836,
                        1207.35
                    ],
                    [
                        -81.7801,
                        36.10828,
                        1207.62
                    ],
                    [
                        -81.78022,
                        36.10822,
                        1207.75
                    ],
                    [
                        -81.78067,
                        36.10809,
                        1208.33
                    ],
                    [
                        -81.78085,
                        36.10807,
                        1208.39
                    ],
                    [
                        -81.78112,
                        36.108,
                        1208.35
                    ],
                    [
                        -81.78134,
                        36.10787,
                        1208.36
                    ],
                    [
                        -81.78175,
                        36.10772,
                        1208.49
                    ],
                    [
                        -81.78187,
                        36.10765,
                        1208.49
                    ],
                    [
                        -81.78192,
                        36.10758,
                        1208.55
                    ],
                    [
                        -81.78193,
                        36.10748,
                        1208.75
                    ],
                    [
                        -81.78191,
                        36.10744,
                        1208.75
                    ],
                    [
                        -81.78192,
                        36.10748,
                        1208.7
                    ],
                    [
                        -81.78188,
                        36.10735,
                        1209.2
                    ],
                    [
                        -81.7817,
                        36.10711,
                        1209.67
                    ],
                    [
                        -81.78161,
                        36.10701,
                        1209.67
                    ],
                    [
                        -81.78148,
                        36.10695,
                        1209.93
                    ],
                    [
                        -81.7813,
                        36.10694,
                        1210.57
                    ],
                    [
                        -81.78063,
                        36.10695,
                        1211.55
                    ],
                    [
                        -81.78013,
                        36.10688,
                        1212.08
                    ],
                    [
                        -81.77973,
                        36.10679,
                        1212.47
                    ],
                    [
                        -81.7796,
                        36.10679,
                        1212.47
                    ],
                    [
                        -81.77897,
                        36.10687,
                        1212.88
                    ],
                    [
                        -81.77807,
                        36.10687,
                        1212.81
                    ],
                    [
                        -81.77785,
                        36.10683,
                        1212.46
                    ],
                    [
                        -81.77771,
                        36.10672,
                        1211.55
                    ],
                    [
                        -81.77763,
                        36.10661,
                        1211.19
                    ],
                    [
                        -81.77766,
                        36.10647,
                        1210.5
                    ],
                    [
                        -81.77776,
                        36.10633,
                        1209.45
                    ],
                    [
                        -81.77785,
                        36.10608,
                        1208.28
                    ],
                    [
                        -81.77785,
                        36.10594,
                        1207.4
                    ],
                    [
                        -81.77781,
                        36.10585,
                        1207.4
                    ],
                    [
                        -81.77776,
                        36.10575,
                        1206.4
                    ],
                    [
                        -81.77708,
                        36.10544,
                        1202.23
                    ],
                    [
                        -81.77682,
                        36.10527,
                        1201.44
                    ],
                    [
                        -81.77665,
                        36.1052,
                        1200.58
                    ],
                    [
                        -81.77624,
                        36.1051,
                        1199.26
                    ],
                    [
                        -81.77605,
                        36.10508,
                        1198.9
                    ],
                    [
                        -81.77535,
                        36.1051,
                        1198.9
                    ],
                    [
                        -81.77508,
                        36.10504,
                        1199.33
                    ],
                    [
                        -81.77503,
                        36.10498,
                        1199.63
                    ],
                    [
                        -81.7749,
                        36.1048,
                        1199.63
                    ],
                    [
                        -81.77489,
                        36.1046,
                        1200.64
                    ],
                    [
                        -81.77495,
                        36.1044,
                        1201.69
                    ],
                    [
                        -81.77508,
                        36.1042,
                        1201.69
                    ],
                    [
                        -81.77508,
                        36.10412,
                        1202.66
                    ],
                    [
                        -81.77507,
                        36.10405,
                        1202.66
                    ],
                    [
                        -81.77499,
                        36.10396,
                        1202.66
                    ],
                    [
                        -81.77476,
                        36.10382,
                        1203.28
                    ],
                    [
                        -81.77396,
                        36.10346,
                        1204.45
                    ],
                    [
                        -81.77381,
                        36.10343,
                        1204.88
                    ],
                    [
                        -81.77323,
                        36.10342,
                        1206.17
                    ],
                    [
                        -81.77302,
                        36.10333,
                        1206.39
                    ],
                    [
                        -81.77293,
                        36.10327,
                        1206.63
                    ],
                    [
                        -81.77289,
                        36.10315,
                        1207.18
                    ],
                    [
                        -81.77297,
                        36.103,
                        1207.58
                    ],
                    [
                        -81.77335,
                        36.10262,
                        1208.41
                    ],
                    [
                        -81.77373,
                        36.10224,
                        1209.9
                    ],
                    [
                        -81.77382,
                        36.10213,
                        1209.9
                    ],
                    [
                        -81.77383,
                        36.10197,
                        1210.35
                    ],
                    [
                        -81.77381,
                        36.10189,
                        1210.35
                    ],
                    [
                        -81.77373,
                        36.10182,
                        1210.75
                    ],
                    [
                        -81.77364,
                        36.10176,
                        1210.75
                    ],
                    [
                        -81.77351,
                        36.1017,
                        1210.75
                    ],
                    [
                        -81.77325,
                        36.10165,
                        1211.25
                    ],
                    [
                        -81.77301,
                        36.10156,
                        1211.52
                    ],
                    [
                        -81.77279,
                        36.10142,
                        1211.87
                    ],
                    [
                        -81.77243,
                        36.10096,
                        1212.83
                    ],
                    [
                        -81.77203,
                        36.10034,
                        1215.48
                    ],
                    [
                        -81.77163,
                        36.09972,
                        1216.94
                    ],
                    [
                        -81.77154,
                        36.09952,
                        1216.86
                    ],
                    [
                        -81.77127,
                        36.09869,
                        1214.16
                    ],
                    [
                        -81.77126,
                        36.09855,
                        1214.16
                    ],
                    [
                        -81.77128,
                        36.09832,
                        1213.45
                    ],
                    [
                        -81.77136,
                        36.09819,
                        1212.37
                    ],
                    [
                        -81.771715,
                        36.097835,
                        1211.58
                    ],
                    [
                        -81.77207,
                        36.09748,
                        1211.32
                    ],
                    [
                        -81.7722,
                        36.09737,
                        1211.32
                    ],
                    [
                        -81.77234,
                        36.09728,
                        1211.58
                    ],
                    [
                        -81.7724,
                        36.09726,
                        1211.61
                    ],
                    [
                        -81.77252,
                        36.09722,
                        1211.64
                    ],
                    [
                        -81.77275,
                        36.0972,
                        1211.65
                    ],
                    [
                        -81.77306,
                        36.09721,
                        1211.47
                    ],
                    [
                        -81.77342,
                        36.09717,
                        1211.26
                    ],
                    [
                        -81.773975,
                        36.09699,
                        1210.46
                    ],
                    [
                        -81.77453,
                        36.09681,
                        1209.22
                    ],
                    [
                        -81.77467,
                        36.09679,
                        1209.22
                    ],
                    [
                        -81.7752,
                        36.0969,
                        1208.73
                    ],
                    [
                        -81.77534,
                        36.09691,
                        1208.94
                    ],
                    [
                        -81.77602,
                        36.09677,
                        1212.64
                    ],
                    [
                        -81.776825,
                        36.09673,
                        1216.7
                    ],
                    [
                        -81.77763,
                        36.09669,
                        1220.96
                    ],
                    [
                        -81.778585,
                        36.09659,
                        1226.13
                    ],
                    [
                        -81.77954,
                        36.09649,
                        1230.21
                    ],
                    [
                        -81.77982,
                        36.09643,
                        1230.76
                    ],
                    [
                        -81.78004,
                        36.09634,
                        1230.9
                    ],
                    [
                        -81.78027,
                        36.0962,
                        1230.82
                    ],
                    [
                        -81.78049,
                        36.09598,
                        1230.56
                    ],
                    [
                        -81.78057,
                        36.09578,
                        1230.51
                    ],
                    [
                        -81.78058,
                        36.09549,
                        1230.43
                    ],
                    [
                        -81.78063,
                        36.09536,
                        1230.37
                    ],
                    [
                        -81.78071,
                        36.09527,
                        1230.22
                    ],
                    [
                        -81.78085,
                        36.09521,
                        1230.22
                    ],
                    [
                        -81.78099,
                        36.09519,
                        1230.13
                    ],
                    [
                        -81.78116,
                        36.0952,
                        1230.02
                    ],
                    [
                        -81.78139,
                        36.09516,
                        1230.02
                    ],
                    [
                        -81.78187,
                        36.09498,
                        1229.53
                    ],
                    [
                        -81.78201,
                        36.09494,
                        1229.53
                    ],
                    [
                        -81.78219,
                        36.09492,
                        1229.18
                    ],
                    [
                        -81.78255,
                        36.09492,
                        1228.82
                    ],
                    [
                        -81.78274,
                        36.0949,
                        1228.15
                    ],
                    [
                        -81.78291,
                        36.09483,
                        1227.74
                    ],
                    [
                        -81.78304,
                        36.09476,
                        1227.35
                    ],
                    [
                        -81.78332,
                        36.09443,
                        1226.6
                    ],
                    [
                        -81.78366,
                        36.09398,
                        1225.22
                    ],
                    [
                        -81.78376,
                        36.09374,
                        1224.39
                    ],
                    [
                        -81.78386,
                        36.09289,
                        1222.42
                    ],
                    [
                        -81.78398,
                        36.09261,
                        1221.41
                    ],
                    [
                        -81.78421,
                        36.09236,
                        1220.85
                    ],
                    [
                        -81.78443,
                        36.09219,
                        1220.4
                    ],
                    [
                        -81.78465,
                        36.09208,
                        1220.28
                    ],
                    [
                        -81.78484,
                        36.09203,
                        1220.17
                    ],
                    [
                        -81.78511,
                        36.09201,
                        1220.09
                    ],
                    [
                        -81.78551,
                        36.09205,
                        1220.09
                    ],
                    [
                        -81.78587,
                        36.09212,
                        1220.08
                    ],
                    [
                        -81.78614,
                        36.09222,
                        1220.12
                    ],
                    [
                        -81.7865,
                        36.09238,
                        1220.37
                    ],
                    [
                        -81.7874,
                        36.09285,
                        1220.37
                    ],
                    [
                        -81.787885,
                        36.093085,
                        1220.23
                    ],
                    [
                        -81.78837,
                        36.09332,
                        1219.84
                    ],
                    [
                        -81.7893,
                        36.09357,
                        1219.56
                    ],
                    [
                        -81.78967,
                        36.09372,
                        1219.5
                    ],
                    [
                        -81.79042,
                        36.09416,
                        1219.29
                    ],
                    [
                        -81.79061,
                        36.09435,
                        1219.31
                    ],
                    [
                        -81.79083,
                        36.09461,
                        1219.41
                    ],
                    [
                        -81.79115,
                        36.09536,
                        1219.09
                    ],
                    [
                        -81.79119,
                        36.09558,
                        1219.33
                    ],
                    [
                        -81.79119,
                        36.0957,
                        1219.41
                    ],
                    [
                        -81.79118,
                        36.09581,
                        1219.62
                    ],
                    [
                        -81.79083,
                        36.09627,
                        1222.41
                    ],
                    [
                        -81.79079,
                        36.09639,
                        1223.01
                    ],
                    [
                        -81.7908,
                        36.09646,
                        1224.26
                    ],
                    [
                        -81.79084,
                        36.09653,
                        1224.26
                    ],
                    [
                        -81.79101,
                        36.09663,
                        1225.25
                    ],
                    [
                        -81.79115,
                        36.09667,
                        1225.97
                    ],
                    [
                        -81.79169,
                        36.09671,
                        1228.51
                    ],
                    [
                        -81.79203,
                        36.09666,
                        1229.44
                    ],
                    [
                        -81.79223,
                        36.09659,
                        1230.04
                    ],
                    [
                        -81.79259,
                        36.09641,
                        1231.45
                    ],
                    [
                        -81.79312,
                        36.09607,
                        1232.25
                    ],
                    [
                        -81.79325,
                        36.09602,
                        1232.25
                    ],
                    [
                        -81.79335,
                        36.096,
                        1232.48
                    ],
                    [
                        -81.79348,
                        36.09601,
                        1232.48
                    ],
                    [
                        -81.79357,
                        36.09605,
                        1232.48
                    ],
                    [
                        -81.7937,
                        36.09615,
                        1232.48
                    ],
                    [
                        -81.79406,
                        36.09648,
                        1233.66
                    ],
                    [
                        -81.79442,
                        36.09691,
                        1234.55
                    ],
                    [
                        -81.79455,
                        36.09698,
                        1234.68
                    ],
                    [
                        -81.79468,
                        36.09699,
                        1234.72
                    ],
                    [
                        -81.79477,
                        36.09698,
                        1234.72
                    ],
                    [
                        -81.79518,
                        36.0968,
                        1234.44
                    ],
                    [
                        -81.79544,
                        36.09677,
                        1234.39
                    ],
                    [
                        -81.79562,
                        36.09679,
                        1234.39
                    ],
                    [
                        -81.79607,
                        36.09691,
                        1234.56
                    ],
                    [
                        -81.79625,
                        36.09691,
                        1234.47
                    ],
                    [
                        -81.79634,
                        36.09685,
                        1234.43
                    ],
                    [
                        -81.79643,
                        36.09677,
                        1234.43
                    ],
                    [
                        -81.79648,
                        36.09669,
                        1234.38
                    ],
                    [
                        -81.79661,
                        36.096235,
                        1233.96
                    ],
                    [
                        -81.79674,
                        36.09578,
                        1234.47
                    ],
                    [
                        -81.79677,
                        36.095255,
                        1235.05
                    ],
                    [
                        -81.7968,
                        36.09473,
                        1236.13
                    ],
                    [
                        -81.79692,
                        36.09459,
                        1236.76
                    ],
                    [
                        -81.79715,
                        36.09443,
                        1237.55
                    ],
                    [
                        -81.79764,
                        36.09419,
                        1238.31
                    ],
                    [
                        -81.79813,
                        36.09395,
                        1239.23
                    ],
                    [
                        -81.79839,
                        36.0939,
                        1239.32
                    ],
                    [
                        -81.79871,
                        36.09389,
                        1239.26
                    ],
                    [
                        -81.79894,
                        36.09394,
                        1238.84
                    ],
                    [
                        -81.79924,
                        36.09407,
                        1238.39
                    ],
                    [
                        -81.79942,
                        36.09421,
                        1237.27
                    ],
                    [
                        -81.79978,
                        36.09462,
                        1236.08
                    ],
                    [
                        -81.79997,
                        36.09477,
                        1235.79
                    ],
                    [
                        -81.80019,
                        36.09485,
                        1235.38
                    ],
                    [
                        -81.80029,
                        36.09486,
                        1235.38
                    ],
                    [
                        -81.80073,
                        36.09483,
                        1234.59
                    ],
                    [
                        -81.80091,
                        36.09488,
                        1234.59
                    ],
                    [
                        -81.801,
                        36.09494,
                        1234.59
                    ],
                    [
                        -81.80104,
                        36.095,
                        1234.12
                    ],
                    [
                        -81.80121,
                        36.09545,
                        1233.78
                    ],
                    [
                        -81.80136,
                        36.09567,
                        1233.72
                    ],
                    [
                        -81.80153,
                        36.09582,
                        1233.57
                    ],
                    [
                        -81.80176,
                        36.09596,
                        1233.37
                    ],
                    [
                        -81.80216,
                        36.09609,
                        1233.13
                    ],
                    [
                        -81.803013,
                        36.096297,
                        1232.65
                    ],
                    [
                        -81.803867,
                        36.096503,
                        1232.27
                    ],
                    [
                        -81.80472,
                        36.09671,
                        1231.27
                    ],
                    [
                        -81.80515,
                        36.09679,
                        1231.05
                    ],
                    [
                        -81.80548,
                        36.09677,
                        1230.69
                    ],
                    [
                        -81.80619,
                        36.09667,
                        1230.13
                    ],
                    [
                        -81.80628,
                        36.09668,
                        1230.23
                    ],
                    [
                        -81.80691,
                        36.09692,
                        1230.22
                    ],
                    [
                        -81.80718,
                        36.09699,
                        1230.39
                    ],
                    [
                        -81.8074,
                        36.09701,
                        1230.38
                    ],
                    [
                        -81.80747,
                        36.09698,
                        1230.38
                    ],
                    [
                        -81.80753,
                        36.09696,
                        1230.38
                    ],
                    [
                        -81.80761,
                        36.09688,
                        1230.32
                    ],
                    [
                        -81.80762,
                        36.09677,
                        1230.16
                    ],
                    [
                        -81.80753,
                        36.09602,
                        1227.75
                    ],
                    [
                        -81.80751,
                        36.095565,
                        1226.21
                    ],
                    [
                        -81.80749,
                        36.09511,
                        1225.26
                    ],
                    [
                        -81.80744,
                        36.09496,
                        1224.34
                    ],
                    [
                        -81.80732,
                        36.0948,
                        1223.96
                    ],
                    [
                        -81.80704,
                        36.09447,
                        1222.83
                    ],
                    [
                        -81.807,
                        36.09437,
                        1222.83
                    ],
                    [
                        -81.80696,
                        36.09426,
                        1222.83
                    ],
                    [
                        -81.807,
                        36.09418,
                        1222.45
                    ],
                    [
                        -81.80704,
                        36.09411,
                        1222.1
                    ],
                    [
                        -81.80712,
                        36.09406,
                        1222.1
                    ],
                    [
                        -81.80722,
                        36.09403,
                        1222.1
                    ],
                    [
                        -81.8073,
                        36.09402,
                        1221.25
                    ],
                    [
                        -81.8077,
                        36.09408,
                        1220.82
                    ],
                    [
                        -81.80797,
                        36.09408,
                        1220.61
                    ],
                    [
                        -81.80843,
                        36.09402,
                        1220.41
                    ],
                    [
                        -81.80877,
                        36.09388,
                        1219.96
                    ],
                    [
                        -81.80892,
                        36.09378,
                        1219.39
                    ],
                    [
                        -81.8091,
                        36.09363,
                        1218.91
                    ],
                    [
                        -81.80927,
                        36.09344,
                        1217.43
                    ],
                    [
                        -81.80937,
                        36.09325,
                        1216.44
                    ],
                    [
                        -81.80941,
                        36.09319,
                        1215.9
                    ],
                    [
                        -81.80963,
                        36.0931,
                        1214.41
                    ],
                    [
                        -81.80996,
                        36.09304,
                        1212.78
                    ],
                    [
                        -81.81017,
                        36.09297,
                        1211.44
                    ],
                    [
                        -81.81035,
                        36.09285,
                        1210.87
                    ],
                    [
                        -81.81044,
                        36.09271,
                        1210.65
                    ],
                    [
                        -81.81049,
                        36.0926,
                        1210.64
                    ],
                    [
                        -81.81052,
                        36.0923,
                        1211.39
                    ],
                    [
                        -81.81057,
                        36.09217,
                        1212.16
                    ],
                    [
                        -81.81067,
                        36.09208,
                        1212.77
                    ],
                    [
                        -81.81107,
                        36.09188,
                        1215.39
                    ],
                    [
                        -81.81112,
                        36.09179,
                        1216.59
                    ],
                    [
                        -81.81116,
                        36.09169,
                        1217.82
                    ],
                    [
                        -81.81116,
                        36.09158,
                        1217.82
                    ],
                    [
                        -81.81099,
                        36.09122,
                        1220.2
                    ],
                    [
                        -81.81088,
                        36.09105,
                        1221.24
                    ],
                    [
                        -81.81031,
                        36.09051,
                        1227.25
                    ],
                    [
                        -81.81022,
                        36.09037,
                        1228.52
                    ],
                    [
                        -81.81017,
                        36.0902,
                        1230.17
                    ],
                    [
                        -81.81017,
                        36.09012,
                        1230.17
                    ],
                    [
                        -81.81022,
                        36.08993,
                        1231.21
                    ],
                    [
                        -81.81058,
                        36.089495,
                        1235.47
                    ],
                    [
                        -81.81094,
                        36.08906,
                        1238.56
                    ],
                    [
                        -81.81125,
                        36.08855,
                        1241.03
                    ],
                    [
                        -81.81134,
                        36.08828,
                        1241.47
                    ],
                    [
                        -81.81138,
                        36.08785,
                        1244.89
                    ],
                    [
                        -81.81136,
                        36.087235,
                        1246.94
                    ],
                    [
                        -81.81134,
                        36.08662,
                        1250.03
                    ],
                    [
                        -81.81135,
                        36.08652,
                        1250.43
                    ],
                    [
                        -81.81141,
                        36.08643,
                        1251.39
                    ],
                    [
                        -81.81147,
                        36.08639,
                        1251.39
                    ],
                    [
                        -81.81153,
                        36.08637,
                        1251.39
                    ],
                    [
                        -81.81147,
                        36.08639,
                        1251.21
                    ],
                    [
                        -81.81165,
                        36.08635,
                        1251.53
                    ],
                    [
                        -81.81192,
                        36.08643,
                        1252.34
                    ],
                    [
                        -81.8122,
                        36.0866,
                        1254.26
                    ],
                    [
                        -81.81246,
                        36.08679,
                        1256.02
                    ],
                    [
                        -81.81259,
                        36.08695,
                        1256.02
                    ],
                    [
                        -81.81277,
                        36.08721,
                        1258.32
                    ],
                    [
                        -81.81304,
                        36.087785,
                        1261.31
                    ],
                    [
                        -81.81331,
                        36.08836,
                        1264.98
                    ],
                    [
                        -81.81353,
                        36.08843,
                        1265.5
                    ],
                    [
                        -81.81362,
                        36.08842,
                        1266.25
                    ],
                    [
                        -81.81398,
                        36.0883,
                        1268.45
                    ],
                    [
                        -81.8142,
                        36.08826,
                        1268.45
                    ],
                    [
                        -81.81527,
                        36.08823,
                        1269.94
                    ],
                    [
                        -81.81559,
                        36.08832,
                        1269.02
                    ],
                    [
                        -81.81605,
                        36.08859,
                        1265.93
                    ],
                    [
                        -81.81635,
                        36.08869,
                        1263.84
                    ],
                    [
                        -81.81653,
                        36.0887,
                        1260.73
                    ],
                    [
                        -81.81729,
                        36.08864,
                        1255.7
                    ],
                    [
                        -81.81747,
                        36.08867,
                        1254.5
                    ],
                    [
                        -81.81765,
                        36.08874,
                        1253.75
                    ],
                    [
                        -81.81778,
                        36.08882,
                        1252.7
                    ],
                    [
                        -81.81788,
                        36.08894,
                        1251.41
                    ],
                    [
                        -81.81797,
                        36.08906,
                        1250.21
                    ],
                    [
                        -81.81801,
                        36.08922,
                        1250.21
                    ],
                    [
                        -81.8181,
                        36.0893,
                        1248.01
                    ],
                    [
                        -81.81823,
                        36.08938,
                        1248.01
                    ],
                    [
                        -81.81872,
                        36.08952,
                        1245.63
                    ],
                    [
                        -81.81958,
                        36.08973,
                        1246.31
                    ],
                    [
                        -81.81971,
                        36.08972,
                        1247.64
                    ],
                    [
                        -81.81985,
                        36.08965,
                        1248.02
                    ],
                    [
                        -81.81994,
                        36.08953,
                        1248.74
                    ],
                    [
                        -81.81994,
                        36.08937,
                        1249.13
                    ],
                    [
                        -81.82002,
                        36.0892,
                        1250.25
                    ],
                    [
                        -81.82007,
                        36.08915,
                        1250.63
                    ],
                    [
                        -81.82034,
                        36.08903,
                        1251.49
                    ],
                    [
                        -81.82043,
                        36.08895,
                        1252.1
                    ],
                    [
                        -81.82047,
                        36.0889,
                        1252.1
                    ],
                    [
                        -81.82048,
                        36.08872,
                        1252.66
                    ],
                    [
                        -81.8203,
                        36.08837,
                        1253.62
                    ],
                    [
                        -81.82034,
                        36.08821,
                        1253.79
                    ],
                    [
                        -81.82079,
                        36.08759,
                        1255.71
                    ],
                    [
                        -81.82087,
                        36.08746,
                        1255.9
                    ],
                    [
                        -81.82092,
                        36.08718,
                        1256.43
                    ],
                    [
                        -81.82087,
                        36.08695,
                        1256.95
                    ],
                    [
                        -81.82083,
                        36.08688,
                        1256.95
                    ],
                    [
                        -81.82038,
                        36.08629,
                        1257.44
                    ],
                    [
                        -81.82034,
                        36.08612,
                        1257.46
                    ],
                    [
                        -81.82034,
                        36.08598,
                        1257.43
                    ],
                    [
                        -81.82038,
                        36.08591,
                        1257.43
                    ],
                    [
                        -81.82056,
                        36.08579,
                        1257.51
                    ],
                    [
                        -81.82084,
                        36.08567,
                        1257.44
                    ],
                    [
                        -81.8211,
                        36.08561,
                        1257.05
                    ],
                    [
                        -81.82136,
                        36.08561,
                        1257.05
                    ],
                    [
                        -81.82155,
                        36.08565,
                        1256.66
                    ],
                    [
                        -81.82249,
                        36.08601,
                        1256.08
                    ],
                    [
                        -81.8227,
                        36.08612,
                        1256
                    ],
                    [
                        -81.82347,
                        36.08673,
                        1256.01
                    ],
                    [
                        -81.8236,
                        36.08687,
                        1255.89
                    ],
                    [
                        -81.82369,
                        36.08712,
                        1255.86
                    ],
                    [
                        -81.82369,
                        36.08726,
                        1255.87
                    ],
                    [
                        -81.82361,
                        36.08759,
                        1256.31
                    ],
                    [
                        -81.8236,
                        36.08776,
                        1256.71
                    ],
                    [
                        -81.82365,
                        36.08827,
                        1257.88
                    ],
                    [
                        -81.82373,
                        36.08845,
                        1258.51
                    ],
                    [
                        -81.82379,
                        36.08856,
                        1259.18
                    ],
                    [
                        -81.82388,
                        36.08864,
                        1259.18
                    ],
                    [
                        -81.82401,
                        36.08872,
                        1260.09
                    ],
                    [
                        -81.82414,
                        36.08877,
                        1260.65
                    ],
                    [
                        -81.82441,
                        36.08878,
                        1261.81
                    ],
                    [
                        -81.82468,
                        36.08872,
                        1263.35
                    ],
                    [
                        -81.82521,
                        36.08848,
                        1265.72
                    ],
                    [
                        -81.82535,
                        36.08844,
                        1266.28
                    ],
                    [
                        -81.82554,
                        36.08845,
                        1266.71
                    ],
                    [
                        -81.82584,
                        36.08855,
                        1268.35
                    ],
                    [
                        -81.82598,
                        36.08857,
                        1268.35
                    ],
                    [
                        -81.82611,
                        36.08856,
                        1269.17
                    ],
                    [
                        -81.82624,
                        36.08851,
                        1269.17
                    ],
                    [
                        -81.82634,
                        36.08844,
                        1270.54
                    ],
                    [
                        -81.826675,
                        36.087905,
                        1272.55
                    ],
                    [
                        -81.82701,
                        36.08737,
                        1274.54
                    ],
                    [
                        -81.82737,
                        36.08689,
                        1275.33
                    ],
                    [
                        -81.82773,
                        36.08641,
                        1275.82
                    ],
                    [
                        -81.82834,
                        36.0858,
                        1276.07
                    ],
                    [
                        -81.82871,
                        36.08556,
                        1276.84
                    ],
                    [
                        -81.82891,
                        36.08548,
                        1277.67
                    ],
                    [
                        -81.82933,
                        36.08539,
                        1280.05
                    ],
                    [
                        -81.82979,
                        36.08537,
                        1282.38
                    ],
                    [
                        -81.83019,
                        36.08542,
                        1285.17
                    ],
                    [
                        -81.83066,
                        36.08551,
                        1287.44
                    ],
                    [
                        -81.83085,
                        36.08567,
                        1288.92
                    ],
                    [
                        -81.83082,
                        36.08565,
                        1288.78
                    ],
                    [
                        -81.83085,
                        36.08567,
                        1289.14
                    ],
                    [
                        -81.83087,
                        36.08577,
                        1289.63
                    ],
                    [
                        -81.83087,
                        36.08586,
                        1290.04
                    ],
                    [
                        -81.83077,
                        36.08597,
                        1290.35
                    ],
                    [
                        -81.83063,
                        36.08599,
                        1290.35
                    ],
                    [
                        -81.8301,
                        36.08587,
                        1290.78
                    ],
                    [
                        -81.82988,
                        36.08586,
                        1290.53
                    ],
                    [
                        -81.8297,
                        36.0859,
                        1290.34
                    ],
                    [
                        -81.82929,
                        36.08608,
                        1289.51
                    ],
                    [
                        -81.82916,
                        36.0861,
                        1289.4
                    ],
                    [
                        -81.82893,
                        36.08602,
                        1289.16
                    ],
                    [
                        -81.82917,
                        36.08554,
                        1288.18
                    ],
                    [
                        -81.82893,
                        36.08602,
                        1289.16
                    ],
                    [
                        -81.82849,
                        36.08683,
                        1290.26
                    ],
                    [
                        -81.82812,
                        36.08741,
                        1290.87
                    ],
                    [
                        -81.82754,
                        36.0881,
                        1292.13
                    ],
                    [
                        -81.82709,
                        36.0885,
                        1292.72
                    ],
                    [
                        -81.82656,
                        36.08886,
                        1293.89
                    ],
                    [
                        -81.82611,
                        36.08909,
                        1294.99
                    ],
                    [
                        -81.82567,
                        36.08928,
                        1296.36
                    ],
                    [
                        -81.82521,
                        36.08941,
                        1296.81
                    ],
                    [
                        -81.82478,
                        36.08949,
                        1297.47
                    ],
                    [
                        -81.82433,
                        36.08952,
                        1297.84
                    ],
                    [
                        -81.82383,
                        36.08946,
                        1298.69
                    ],
                    [
                        -81.82356,
                        36.08939,
                        1299.5
                    ],
                    [
                        -81.82298,
                        36.08919,
                        1301.59
                    ],
                    [
                        -81.8228,
                        36.08914,
                        1302.77
                    ],
                    [
                        -81.82254,
                        36.08911,
                        1303.64
                    ],
                    [
                        -81.82231,
                        36.08911,
                        1304.35
                    ],
                    [
                        -81.82218,
                        36.08913,
                        1304.99
                    ],
                    [
                        -81.82198,
                        36.0892,
                        1305.41
                    ],
                    [
                        -81.82172,
                        36.08937,
                        1306.17
                    ],
                    [
                        -81.82159,
                        36.08948,
                        1306.69
                    ],
                    [
                        -81.821205,
                        36.089865,
                        1307.89
                    ],
                    [
                        -81.82082,
                        36.09025,
                        1309.17
                    ],
                    [
                        -81.82051,
                        36.09051,
                        1309.98
                    ],
                    [
                        -81.82021,
                        36.09066,
                        1310.14
                    ],
                    [
                        -81.81994,
                        36.09076,
                        1310.6
                    ],
                    [
                        -81.81953,
                        36.09082,
                        1310.78
                    ],
                    [
                        -81.81922,
                        36.09082,
                        1311.81
                    ],
                    [
                        -81.818173,
                        36.090743,
                        1313.87
                    ],
                    [
                        -81.817127,
                        36.090667,
                        1318.14
                    ],
                    [
                        -81.81608,
                        36.09059,
                        1324.16
                    ],
                    [
                        -81.81573,
                        36.09062,
                        1325.52
                    ],
                    [
                        -81.81542,
                        36.09073,
                        1326.49
                    ],
                    [
                        -81.81519,
                        36.09088,
                        1328.22
                    ],
                    [
                        -81.81506,
                        36.09104,
                        1329.22
                    ],
                    [
                        -81.81492,
                        36.09135,
                        1329.89
                    ],
                    [
                        -81.81479,
                        36.092,
                        1331.58
                    ],
                    [
                        -81.81469,
                        36.09221,
                        1332.17
                    ],
                    [
                        -81.81458,
                        36.09234,
                        1332.64
                    ],
                    [
                        -81.81446,
                        36.09247,
                        1332.97
                    ],
                    [
                        -81.81425,
                        36.09259,
                        1333.48
                    ],
                    [
                        -81.81344,
                        36.09289,
                        1334.93
                    ],
                    [
                        -81.81326,
                        36.09301,
                        1335.28
                    ],
                    [
                        -81.81314,
                        36.09312,
                        1335.28
                    ],
                    [
                        -81.81305,
                        36.09326,
                        1335.28
                    ],
                    [
                        -81.813,
                        36.09343,
                        1336.38
                    ],
                    [
                        -81.81312,
                        36.09417,
                        1337.12
                    ],
                    [
                        -81.81309,
                        36.09438,
                        1337.52
                    ],
                    [
                        -81.81304,
                        36.09451,
                        1338.11
                    ],
                    [
                        -81.81286,
                        36.09474,
                        1338.46
                    ],
                    [
                        -81.81252,
                        36.09494,
                        1339.61
                    ],
                    [
                        -81.81173,
                        36.09537,
                        1341.99
                    ],
                    [
                        -81.81151,
                        36.09551,
                        1342.76
                    ],
                    [
                        -81.81134,
                        36.09567,
                        1343.16
                    ],
                    [
                        -81.81124,
                        36.09586,
                        1343.35
                    ],
                    [
                        -81.81116,
                        36.09606,
                        1343.72
                    ],
                    [
                        -81.81116,
                        36.09623,
                        1343.76
                    ],
                    [
                        -81.81125,
                        36.09651,
                        1343.71
                    ],
                    [
                        -81.81135,
                        36.0967,
                        1343.6
                    ],
                    [
                        -81.811635,
                        36.097175,
                        1342.43
                    ],
                    [
                        -81.81192,
                        36.09765,
                        1340.57
                    ],
                    [
                        -81.81201,
                        36.0979,
                        1339.31
                    ],
                    [
                        -81.81201,
                        36.09813,
                        1338.07
                    ],
                    [
                        -81.812,
                        36.0984,
                        1338.07
                    ],
                    [
                        -81.81193,
                        36.09857,
                        1336.35
                    ],
                    [
                        -81.81166,
                        36.09899,
                        1334.35
                    ],
                    [
                        -81.81138,
                        36.09929,
                        1334.35
                    ],
                    [
                        -81.81103,
                        36.09956,
                        1332.54
                    ],
                    [
                        -81.81058,
                        36.09987,
                        1331.53
                    ],
                    [
                        -81.80994,
                        36.10023,
                        1328.42
                    ],
                    [
                        -81.80934,
                        36.10046,
                        1327.28
                    ],
                    [
                        -81.80895,
                        36.10058,
                        1325.88
                    ],
                    [
                        -81.80899,
                        36.10056,
                        1326
                    ],
                    [
                        -81.80865,
                        36.10063,
                        1324.74
                    ],
                    [
                        -81.8084,
                        36.10066,
                        1324.5
                    ],
                    [
                        -81.80803,
                        36.10065,
                        1322.69
                    ],
                    [
                        -81.80779,
                        36.1006,
                        1322.69
                    ],
                    [
                        -81.80753,
                        36.1005,
                        1321.68
                    ],
                    [
                        -81.80713,
                        36.10026,
                        1320.3
                    ],
                    [
                        -81.80701,
                        36.10019,
                        1320.32
                    ],
                    [
                        -81.80655,
                        36.09982,
                        1318.7
                    ],
                    [
                        -81.80615,
                        36.0996,
                        1318.48
                    ],
                    [
                        -81.80578,
                        36.09947,
                        1317.59
                    ],
                    [
                        -81.80518,
                        36.09934,
                        1315.42
                    ],
                    [
                        -81.80458,
                        36.09921,
                        1313.54
                    ],
                    [
                        -81.80422,
                        36.0991,
                        1312.64
                    ],
                    [
                        -81.80351,
                        36.0988,
                        1309.46
                    ],
                    [
                        -81.803015,
                        36.09848,
                        1308
                    ],
                    [
                        -81.80252,
                        36.09816,
                        1306
                    ],
                    [
                        -81.80207,
                        36.09783,
                        1304.59
                    ],
                    [
                        -81.801565,
                        36.09742,
                        1301.64
                    ],
                    [
                        -81.80106,
                        36.09701,
                        1300.84
                    ],
                    [
                        -81.80049,
                        36.096535,
                        1300.64
                    ],
                    [
                        -81.79992,
                        36.09606,
                        1303.85
                    ],
                    [
                        -81.79966,
                        36.09591,
                        1306.76
                    ],
                    [
                        -81.79939,
                        36.09584,
                        1307.41
                    ],
                    [
                        -81.79925,
                        36.09583,
                        1308.45
                    ],
                    [
                        -81.79903,
                        36.09585,
                        1309.3
                    ],
                    [
                        -81.7988,
                        36.09593,
                        1309.8
                    ],
                    [
                        -81.79868,
                        36.096,
                        1310.18
                    ],
                    [
                        -81.79857,
                        36.09611,
                        1310.46
                    ],
                    [
                        -81.7984,
                        36.09637,
                        1310.67
                    ],
                    [
                        -81.798285,
                        36.096865,
                        1310.18
                    ],
                    [
                        -81.79817,
                        36.09736,
                        1309.1
                    ],
                    [
                        -81.79804,
                        36.09763,
                        1308.17
                    ],
                    [
                        -81.79786,
                        36.09785,
                        1307.96
                    ],
                    [
                        -81.79773,
                        36.09795,
                        1307.12
                    ],
                    [
                        -81.79757,
                        36.09804,
                        1307.12
                    ],
                    [
                        -81.79724,
                        36.09817,
                        1307.18
                    ],
                    [
                        -81.7963,
                        36.09831,
                        1307.99
                    ],
                    [
                        -81.79603,
                        36.09837,
                        1308.23
                    ],
                    [
                        -81.7955,
                        36.09853,
                        1308.89
                    ],
                    [
                        -81.79484,
                        36.09879,
                        1309.55
                    ],
                    [
                        -81.79455,
                        36.09888,
                        1309.58
                    ],
                    [
                        -81.79428,
                        36.0989,
                        1309.64
                    ],
                    [
                        -81.79397,
                        36.09885,
                        1309.95
                    ],
                    [
                        -81.79332,
                        36.09859,
                        1310.7
                    ],
                    [
                        -81.79298,
                        36.09852,
                        1311.48
                    ],
                    [
                        -81.79276,
                        36.09851,
                        1311.48
                    ],
                    [
                        -81.79258,
                        36.09853,
                        1312.06
                    ],
                    [
                        -81.79236,
                        36.09858,
                        1312.06
                    ],
                    [
                        -81.79165,
                        36.09887,
                        1312.83
                    ],
                    [
                        -81.79118,
                        36.09899,
                        1312.95
                    ],
                    [
                        -81.79063,
                        36.09907,
                        1313.18
                    ],
                    [
                        -81.79012,
                        36.09903,
                        1313.28
                    ],
                    [
                        -81.78931,
                        36.09889,
                        1313.57
                    ],
                    [
                        -81.78895,
                        36.09878,
                        1313.96
                    ],
                    [
                        -81.78851,
                        36.0986,
                        1315.82
                    ],
                    [
                        -81.78806,
                        36.09838,
                        1315.82
                    ],
                    [
                        -81.78769,
                        36.09816,
                        1317.61
                    ],
                    [
                        -81.78704,
                        36.09766,
                        1319.29
                    ],
                    [
                        -81.78659,
                        36.09728,
                        1321.46
                    ],
                    [
                        -81.78639,
                        36.09716,
                        1321.46
                    ],
                    [
                        -81.78612,
                        36.09704,
                        1322.78
                    ],
                    [
                        -81.78583,
                        36.09696,
                        1323.71
                    ],
                    [
                        -81.78528,
                        36.09689,
                        1325.47
                    ],
                    [
                        -81.78498,
                        36.09689,
                        1325.47
                    ],
                    [
                        -81.78465,
                        36.09693,
                        1326.69
                    ],
                    [
                        -81.78425,
                        36.09701,
                        1327.36
                    ],
                    [
                        -81.78372,
                        36.09721,
                        1328.34
                    ],
                    [
                        -81.78326,
                        36.09747,
                        1329.07
                    ],
                    [
                        -81.78291,
                        36.09774,
                        1330.26
                    ],
                    [
                        -81.78224,
                        36.09833,
                        1331.83
                    ],
                    [
                        -81.78184,
                        36.09863,
                        1333.09
                    ],
                    [
                        -81.78152,
                        36.09883,
                        1333.6
                    ],
                    [
                        -81.78112,
                        36.09905,
                        1334.7
                    ],
                    [
                        -81.78063,
                        36.09927,
                        1335.74
                    ],
                    [
                        -81.77978,
                        36.09961,
                        1337.84
                    ],
                    [
                        -81.77947,
                        36.09975,
                        1338.77
                    ],
                    [
                        -81.77925,
                        36.09988,
                        1339.07
                    ],
                    [
                        -81.77926,
                        36.09987,
                        1339.06
                    ],
                    [
                        -81.77907,
                        36.10002,
                        1339.32
                    ],
                    [
                        -81.77881,
                        36.10028,
                        1339.57
                    ],
                    [
                        -81.7787,
                        36.10044,
                        1339.57
                    ],
                    [
                        -81.77856,
                        36.10079,
                        1339.27
                    ],
                    [
                        -81.77848,
                        36.10116,
                        1338.38
                    ],
                    [
                        -81.77852,
                        36.10156,
                        1337.25
                    ],
                    [
                        -81.77861,
                        36.10175,
                        1336.33
                    ],
                    [
                        -81.77871,
                        36.10191,
                        1335.7
                    ],
                    [
                        -81.77887,
                        36.10206,
                        1334.77
                    ],
                    [
                        -81.77906,
                        36.1022,
                        1333.15
                    ],
                    [
                        -81.77932,
                        36.10234,
                        1330.75
                    ],
                    [
                        -81.78027,
                        36.10276,
                        1326.39
                    ],
                    [
                        -81.78062,
                        36.10295,
                        1323.1
                    ],
                    [
                        -81.78126,
                        36.1034,
                        1317.16
                    ],
                    [
                        -81.78193,
                        36.10393,
                        1312.61
                    ],
                    [
                        -81.78241,
                        36.10421,
                        1309.68
                    ],
                    [
                        -81.78264,
                        36.10432,
                        1306.85
                    ],
                    [
                        -81.78366,
                        36.10466,
                        1300.45
                    ],
                    [
                        -81.78386,
                        36.10475,
                        1300.45
                    ],
                    [
                        -81.78408,
                        36.10487,
                        1299.41
                    ],
                    [
                        -81.78429,
                        36.10502,
                        1298.24
                    ],
                    [
                        -81.78457,
                        36.10537,
                        1296.7
                    ],
                    [
                        -81.78489,
                        36.10597,
                        1294.82
                    ],
                    [
                        -81.78506,
                        36.10617,
                        1293.87
                    ],
                    [
                        -81.78525,
                        36.10635,
                        1293.47
                    ],
                    [
                        -81.78551,
                        36.10649,
                        1293.03
                    ],
                    [
                        -81.78618,
                        36.10678,
                        1291.07
                    ],
                    [
                        -81.7864,
                        36.10691,
                        1290.65
                    ],
                    [
                        -81.78658,
                        36.10709,
                        1289.61
                    ],
                    [
                        -81.78667,
                        36.1073,
                        1289.61
                    ],
                    [
                        -81.78666,
                        36.10766,
                        1287.81
                    ],
                    [
                        -81.78667,
                        36.10762,
                        1287.9
                    ],
                    [
                        -81.78662,
                        36.10778,
                        1287.45
                    ],
                    [
                        -81.78653,
                        36.1079,
                        1287.13
                    ],
                    [
                        -81.78641,
                        36.108,
                        1286.26
                    ],
                    [
                        -81.78627,
                        36.10811,
                        1285.93
                    ],
                    [
                        -81.78596,
                        36.10823,
                        1285.1
                    ],
                    [
                        -81.78505,
                        36.10842,
                        1282.75
                    ],
                    [
                        -81.78444,
                        36.1086,
                        1280.46
                    ],
                    [
                        -81.783945,
                        36.108815,
                        1279.13
                    ],
                    [
                        -81.78345,
                        36.10903,
                        1277.13
                    ],
                    [
                        -81.78313,
                        36.10915,
                        1277.13
                    ],
                    [
                        -81.78273,
                        36.10927,
                        1275.79
                    ],
                    [
                        -81.78245,
                        36.10933,
                        1275.35
                    ],
                    [
                        -81.78161,
                        36.10943,
                        1272.95
                    ],
                    [
                        -81.78107,
                        36.10954,
                        1270.88
                    ],
                    [
                        -81.78067,
                        36.10969,
                        1269.64
                    ],
                    [
                        -81.78045,
                        36.10981,
                        1269.64
                    ],
                    [
                        -81.7796,
                        36.11031,
                        1267.08
                    ],
                    [
                        -81.77932,
                        36.11045,
                        1265.59
                    ],
                    [
                        -81.77877,
                        36.11064,
                        1263.58
                    ],
                    [
                        -81.77822,
                        36.11083,
                        1262.86
                    ],
                    [
                        -81.77803,
                        36.11093,
                        1261.5
                    ],
                    [
                        -81.77785,
                        36.11105,
                        1261.5
                    ],
                    [
                        -81.77769,
                        36.11123,
                        1260.45
                    ],
                    [
                        -81.77762,
                        36.11145,
                        1260.45
                    ],
                    [
                        -81.77758,
                        36.11159,
                        1257.23
                    ],
                    [
                        -81.77763,
                        36.11182,
                        1257.23
                    ],
                    [
                        -81.77775,
                        36.11202,
                        1255.01
                    ],
                    [
                        -81.77786,
                        36.11215,
                        1255.01
                    ],
                    [
                        -81.77799,
                        36.11225,
                        1253.19
                    ],
                    [
                        -81.77821,
                        36.11237,
                        1253.19
                    ],
                    [
                        -81.77916,
                        36.11283,
                        1248.17
                    ],
                    [
                        -81.77938,
                        36.11297,
                        1244.89
                    ],
                    [
                        -81.77969,
                        36.11325,
                        1244.89
                    ],
                    [
                        -81.77981,
                        36.11346,
                        1240.9
                    ],
                    [
                        -81.77987,
                        36.11362,
                        1240.9
                    ],
                    [
                        -81.77995,
                        36.11396,
                        1239.53
                    ],
                    [
                        -81.77991,
                        36.11439,
                        1235.31
                    ],
                    [
                        -81.77969,
                        36.11512,
                        1228.28
                    ],
                    [
                        -81.77947,
                        36.11575,
                        1225.15
                    ],
                    [
                        -81.77938,
                        36.11617,
                        1220.66
                    ],
                    [
                        -81.77938,
                        36.11637,
                        1219.87
                    ],
                    [
                        -81.77946,
                        36.11662,
                        1217.96
                    ],
                    [
                        -81.7796,
                        36.11693,
                        1214.49
                    ],
                    [
                        -81.77974,
                        36.11713,
                        1212.55
                    ],
                    [
                        -81.77996,
                        36.11732,
                        1209.88
                    ],
                    [
                        -81.780445,
                        36.11765,
                        1206.33
                    ],
                    [
                        -81.78093,
                        36.11798,
                        1201.58
                    ],
                    [
                        -81.78116,
                        36.11818,
                        1198.82
                    ],
                    [
                        -81.78138,
                        36.11842,
                        1196.54
                    ],
                    [
                        -81.78147,
                        36.11862,
                        1196.54
                    ],
                    [
                        -81.78156,
                        36.11892,
                        1193.96
                    ],
                    [
                        -81.78157,
                        36.11903,
                        1193.96
                    ],
                    [
                        -81.78151,
                        36.11939,
                        1191.39
                    ],
                    [
                        -81.78136,
                        36.11966,
                        1190.94
                    ],
                    [
                        -81.78116,
                        36.11999,
                        1188.7
                    ],
                    [
                        -81.78081,
                        36.1204,
                        1184.15
                    ],
                    [
                        -81.78044,
                        36.12078,
                        1180.11
                    ],
                    [
                        -81.77987,
                        36.12121,
                        1175.94
                    ],
                    [
                        -81.7795,
                        36.12145,
                        1173.99
                    ],
                    [
                        -81.77932,
                        36.12154,
                        1172.24
                    ],
                    [
                        -81.77893,
                        36.1217,
                        1168.69
                    ],
                    [
                        -81.77866,
                        36.12176,
                        1168.69
                    ],
                    [
                        -81.77851,
                        36.12178,
                        1167.05
                    ],
                    [
                        -81.77808,
                        36.12178,
                        1164.77
                    ],
                    [
                        -81.77777,
                        36.12173,
                        1163.38
                    ],
                    [
                        -81.77716,
                        36.12159,
                        1158.82
                    ],
                    [
                        -81.77701,
                        36.12149,
                        1157.64
                    ],
                    [
                        -81.77687,
                        36.12145,
                        1157.64
                    ],
                    [
                        -81.77651,
                        36.12147,
                        1155.19
                    ],
                    [
                        -81.77641,
                        36.12151,
                        1154.49
                    ],
                    [
                        -81.77625,
                        36.12162,
                        1154.05
                    ],
                    [
                        -81.77584,
                        36.12182,
                        1151.27
                    ],
                    [
                        -81.7752,
                        36.1222,
                        1145.92
                    ],
                    [
                        -81.77481,
                        36.12239,
                        1142.1
                    ],
                    [
                        -81.77445,
                        36.12254,
                        1142.1
                    ],
                    [
                        -81.77364,
                        36.12282,
                        1136.37
                    ],
                    [
                        -81.77346,
                        36.12291,
                        1134.04
                    ],
                    [
                        -81.77329,
                        36.12303,
                        1133.11
                    ],
                    [
                        -81.77311,
                        36.12322,
                        1131.01
                    ],
                    [
                        -81.77297,
                        36.12354,
                        1130.39
                    ],
                    [
                        -81.77293,
                        36.12383,
                        1126.83
                    ],
                    [
                        -81.77297,
                        36.12403,
                        1126.83
                    ],
                    [
                        -81.7731,
                        36.124545,
                        1122.6
                    ],
                    [
                        -81.77323,
                        36.12506,
                        1118.94
                    ],
                    [
                        -81.77324,
                        36.12523,
                        1117.22
                    ],
                    [
                        -81.77324,
                        36.12551,
                        1114.01
                    ],
                    [
                        -81.77311,
                        36.12586,
                        1114.01
                    ],
                    [
                        -81.77297,
                        36.12611,
                        1110.67
                    ],
                    [
                        -81.77257,
                        36.12659,
                        1106.77
                    ],
                    [
                        -81.77219,
                        36.126985,
                        1104.29
                    ],
                    [
                        -81.77181,
                        36.12738,
                        1102.3
                    ],
                    [
                        -81.7711,
                        36.12804,
                        1100.44
                    ],
                    [
                        -81.77067,
                        36.12842,
                        1099.94
                    ],
                    [
                        -81.7702,
                        36.12876,
                        1098.78
                    ],
                    [
                        -81.76968,
                        36.12903,
                        1097.8
                    ],
                    [
                        -81.76916,
                        36.12923,
                        1097
                    ],
                    [
                        -81.76919,
                        36.12921,
                        1097.06
                    ],
                    [
                        -81.76871,
                        36.12935,
                        1095.92
                    ],
                    [
                        -81.767715,
                        36.12952,
                        1093.89
                    ],
                    [
                        -81.76672,
                        36.12969,
                        1091.7
                    ],
                    [
                        -81.765725,
                        36.12986,
                        1088.99
                    ],
                    [
                        -81.76473,
                        36.13003,
                        1087
                    ],
                    [
                        -81.76423,
                        36.13016,
                        1086.23
                    ],
                    [
                        -81.76361,
                        36.13036,
                        1085.42
                    ],
                    [
                        -81.762745,
                        36.130745,
                        1084.06
                    ],
                    [
                        -81.76188,
                        36.13113,
                        1081.13
                    ],
                    [
                        -81.76098,
                        36.13147,
                        1077.27
                    ],
                    [
                        -81.75999,
                        36.13179,
                        1072.26
                    ],
                    [
                        -81.75932,
                        36.13195,
                        1069.09
                    ],
                    [
                        -81.75852,
                        36.1321,
                        1066.89
                    ],
                    [
                        -81.7577,
                        36.13219,
                        1064.03
                    ],
                    [
                        -81.75712,
                        36.13221,
                        1062.15
                    ],
                    [
                        -81.75653,
                        36.13219,
                        1061
                    ],
                    [
                        -81.75578,
                        36.13212,
                        1060.2
                    ],
                    [
                        -81.75496,
                        36.13196,
                        1058.96
                    ],
                    [
                        -81.75429,
                        36.13178,
                        1058.34
                    ],
                    [
                        -81.75362,
                        36.1316,
                        1057.06
                    ],
                    [
                        -81.75283,
                        36.13142,
                        1056.44
                    ],
                    [
                        -81.75233,
                        36.13135,
                        1055.34
                    ],
                    [
                        -81.75147,
                        36.13131,
                        1054.54
                    ],
                    [
                        -81.75085,
                        36.13133,
                        1054
                    ],
                    [
                        -81.74996,
                        36.13144,
                        1053
                    ],
                    [
                        -81.74893,
                        36.131665,
                        1052.28
                    ],
                    [
                        -81.7479,
                        36.13189,
                        1051.06
                    ],
                    [
                        -81.74685,
                        36.13216,
                        1050.46
                    ],
                    [
                        -81.7458,
                        36.13243,
                        1049.32
                    ],
                    [
                        -81.745105,
                        36.13264,
                        1048.87
                    ],
                    [
                        -81.74441,
                        36.13285,
                        1048.22
                    ],
                    [
                        -81.74374,
                        36.1331,
                        1047.21
                    ],
                    [
                        -81.74333,
                        36.13328,
                        1046.86
                    ],
                    [
                        -81.7427,
                        36.13362,
                        1046.35
                    ],
                    [
                        -81.74199,
                        36.13407,
                        1045.67
                    ],
                    [
                        -81.74141,
                        36.13455,
                        1044.6
                    ],
                    [
                        -81.740823,
                        36.13515,
                        1043.2
                    ],
                    [
                        -81.740237,
                        36.13575,
                        1042.49
                    ],
                    [
                        -81.73965,
                        36.13635,
                        1041.6
                    ],
                    [
                        -81.73912,
                        36.13681,
                        1042.24
                    ],
                    [
                        -81.73855,
                        36.13724,
                        1043.93
                    ],
                    [
                        -81.73813,
                        36.13753,
                        1044.8
                    ],
                    [
                        -81.73758,
                        36.13787,
                        1046.07
                    ],
                    [
                        -81.73716,
                        36.13811,
                        1046.91
                    ],
                    [
                        -81.73651,
                        36.138445,
                        1047.24
                    ],
                    [
                        -81.73586,
                        36.13878,
                        1046.7
                    ],
                    [
                        -81.73519,
                        36.139085,
                        1045.01
                    ],
                    [
                        -81.73452,
                        36.13939,
                        1042.74
                    ],
                    [
                        -81.73403,
                        36.13955,
                        1041.51
                    ],
                    [
                        -81.73366,
                        36.1396,
                        1039.79
                    ],
                    [
                        -81.73348,
                        36.13961,
                        1039.27
                    ],
                    [
                        -81.73308,
                        36.13958,
                        1038.41
                    ],
                    [
                        -81.73277,
                        36.13952,
                        1037.79
                    ],
                    [
                        -81.7325,
                        36.13942,
                        1037.61
                    ],
                    [
                        -81.73218,
                        36.13927,
                        1037.66
                    ],
                    [
                        -81.73188,
                        36.13908,
                        1037.87
                    ],
                    [
                        -81.73137,
                        36.13871,
                        1037.92
                    ],
                    [
                        -81.73107,
                        36.13853,
                        1037.93
                    ],
                    [
                        -81.73071,
                        36.13833,
                        1038.1
                    ],
                    [
                        -81.73021,
                        36.13815,
                        1038.06
                    ],
                    [
                        -81.72981,
                        36.13804,
                        1037.73
                    ],
                    [
                        -81.7294,
                        36.13797,
                        1037.19
                    ],
                    [
                        -81.72895,
                        36.13793,
                        1036.33
                    ],
                    [
                        -81.72786,
                        36.1379,
                        1033.51
                    ],
                    [
                        -81.72695,
                        36.13795,
                        1032.24
                    ],
                    [
                        -81.72628,
                        36.13802,
                        1032.25
                    ],
                    [
                        -81.72546,
                        36.13817,
                        1033.47
                    ],
                    [
                        -81.72502,
                        36.13828,
                        1034.72
                    ],
                    [
                        -81.72457,
                        36.13844,
                        1035.55
                    ],
                    [
                        -81.72394,
                        36.13874,
                        1037.37
                    ],
                    [
                        -81.72337,
                        36.13913,
                        1039.06
                    ],
                    [
                        -81.72312,
                        36.13932,
                        1039.78
                    ],
                    [
                        -81.72261,
                        36.13984,
                        1041.45
                    ],
                    [
                        -81.72221,
                        36.140355,
                        1042.74
                    ],
                    [
                        -81.72181,
                        36.14087,
                        1044.95
                    ],
                    [
                        -81.72122,
                        36.14152,
                        1048.47
                    ],
                    [
                        -81.72081,
                        36.14186,
                        1049.56
                    ],
                    [
                        -81.72009,
                        36.14244,
                        1052.71
                    ],
                    [
                        -81.71937,
                        36.14287,
                        1054.35
                    ],
                    [
                        -81.71893,
                        36.14312,
                        1055.76
                    ],
                    [
                        -81.71836,
                        36.14337,
                        1058.21
                    ],
                    [
                        -81.717615,
                        36.143675,
                        1060.89
                    ],
                    [
                        -81.71687,
                        36.14398,
                        1064.9
                    ],
                    [
                        -81.71625,
                        36.14427,
                        1068.17
                    ],
                    [
                        -81.71544,
                        36.14473,
                        1075.47
                    ],
                    [
                        -81.71463,
                        36.14519,
                        1081.73
                    ],
                    [
                        -81.71414,
                        36.14544,
                        1087.22
                    ],
                    [
                        -81.7137,
                        36.14562,
                        1088.54
                    ],
                    [
                        -81.71327,
                        36.14574,
                        1091.59
                    ],
                    [
                        -81.71285,
                        36.14581,
                        1093.62
                    ],
                    [
                        -81.71217,
                        36.14584,
                        1096.72
                    ],
                    [
                        -81.71173,
                        36.14579,
                        1099.05
                    ],
                    [
                        -81.7113,
                        36.14569,
                        1100.39
                    ],
                    [
                        -81.71092,
                        36.14556,
                        1103.03
                    ],
                    [
                        -81.70997,
                        36.14515,
                        1110.19
                    ],
                    [
                        -81.70949,
                        36.14501,
                        1113.08
                    ],
                    [
                        -81.70931,
                        36.14498,
                        1116.95
                    ],
                    [
                        -81.70895,
                        36.14498,
                        1116.95
                    ],
                    [
                        -81.70859,
                        36.14502,
                        1120.42
                    ],
                    [
                        -81.70824,
                        36.14514,
                        1124.44
                    ],
                    [
                        -81.70796,
                        36.14531,
                        1125.15
                    ],
                    [
                        -81.7077,
                        36.14548,
                        1126.87
                    ],
                    [
                        -81.707025,
                        36.146015,
                        1131.99
                    ],
                    [
                        -81.70635,
                        36.14655,
                        1140.61
                    ],
                    [
                        -81.70599,
                        36.14679,
                        1142.79
                    ],
                    [
                        -81.705475,
                        36.1472,
                        1147.61
                    ],
                    [
                        -81.70496,
                        36.14761,
                        1152.33
                    ],
                    [
                        -81.70443,
                        36.14799,
                        1155.73
                    ],
                    [
                        -81.70411,
                        36.1482,
                        1158.7
                    ],
                    [
                        -81.70376,
                        36.14836,
                        1160.56
                    ],
                    [
                        -81.70352,
                        36.14845,
                        1161.7
                    ],
                    [
                        -81.70326,
                        36.14849,
                        1162.6
                    ],
                    [
                        -81.70322,
                        36.1485,
                        1162.71
                    ],
                    [
                        -81.7026,
                        36.14851,
                        1164.6
                    ],
                    [
                        -81.70241,
                        36.14848,
                        1165.26
                    ],
                    [
                        -81.70202,
                        36.14838,
                        1165.72
                    ],
                    [
                        -81.70161,
                        36.1482,
                        1166.34
                    ],
                    [
                        -81.700985,
                        36.14786,
                        1166.77
                    ],
                    [
                        -81.70036,
                        36.14752,
                        1167.31
                    ],
                    [
                        -81.70018,
                        36.14744,
                        1167.45
                    ],
                    [
                        -81.69986,
                        36.14733,
                        1167.97
                    ],
                    [
                        -81.69956,
                        36.14727,
                        1168.96
                    ],
                    [
                        -81.69964,
                        36.147,
                        1169.43
                    ],
                    [
                        -81.69972,
                        36.14688,
                        1169.43
                    ],
                    [
                        -81.70007,
                        36.14646,
                        1171.41
                    ],
                    [
                        -81.70012,
                        36.14637,
                        1171.47
                    ],
                    [
                        -81.70002,
                        36.14599,
                        1170.63
                    ],
                    [
                        -81.69928,
                        36.14591,
                        1166.95
                    ],
                    [
                        -81.69856,
                        36.14573,
                        1164.02
                    ],
                    [
                        -81.69789,
                        36.14544,
                        1162.07
                    ],
                    [
                        -81.69718,
                        36.14492,
                        1160.99
                    ],
                    [
                        -81.69678,
                        36.14449,
                        1160.68
                    ],
                    [
                        -81.69646,
                        36.14393,
                        1160.07
                    ],
                    [
                        -81.6962,
                        36.14333,
                        1158.3
                    ],
                    [
                        -81.69594,
                        36.14273,
                        1154.83
                    ],
                    [
                        -81.695705,
                        36.14214,
                        1150.43
                    ],
                    [
                        -81.69547,
                        36.14155,
                        1147.77
                    ],
                    [
                        -81.69507,
                        36.14073,
                        1141.43
                    ],
                    [
                        -81.69481,
                        36.14039,
                        1139.78
                    ],
                    [
                        -81.69461,
                        36.14019,
                        1139.03
                    ],
                    [
                        -81.69412,
                        36.13988,
                        1138.7
                    ],
                    [
                        -81.69372,
                        36.13972,
                        1139.05
                    ],
                    [
                        -81.69324,
                        36.13961,
                        1138.66
                    ],
                    [
                        -81.69288,
                        36.13958,
                        1138.11
                    ],
                    [
                        -81.69243,
                        36.13959,
                        1137.37
                    ],
                    [
                        -81.691845,
                        36.139665,
                        1136.58
                    ],
                    [
                        -81.69126,
                        36.13974,
                        1135.73
                    ],
                    [
                        -81.69086,
                        36.13977,
                        1134.49
                    ],
                    [
                        -81.69046,
                        36.13975,
                        1133.75
                    ],
                    [
                        -81.69011,
                        36.13969,
                        1131.79
                    ],
                    [
                        -81.68979,
                        36.13958,
                        1130.57
                    ],
                    [
                        -81.68952,
                        36.13945,
                        1129.05
                    ],
                    [
                        -81.68876,
                        36.13904,
                        1123.99
                    ],
                    [
                        -81.68853,
                        36.13893,
                        1122.61
                    ],
                    [
                        -81.68813,
                        36.13884,
                        1120.04
                    ],
                    [
                        -81.68729,
                        36.138775,
                        1115.74
                    ],
                    [
                        -81.68645,
                        36.13871,
                        1112.06
                    ],
                    [
                        -81.6861,
                        36.1386,
                        1111.04
                    ],
                    [
                        -81.68585,
                        36.13846,
                        1110.25
                    ],
                    [
                        -81.68566,
                        36.13832,
                        1109.81
                    ],
                    [
                        -81.68558,
                        36.13822,
                        1109.81
                    ],
                    [
                        -81.6854,
                        36.13797,
                        1109.22
                    ],
                    [
                        -81.68531,
                        36.13779,
                        1109.22
                    ],
                    [
                        -81.68508,
                        36.13713,
                        1108.06
                    ],
                    [
                        -81.68473,
                        36.13679,
                        1107.24
                    ],
                    [
                        -81.68442,
                        36.13662,
                        1106.58
                    ],
                    [
                        -81.68406,
                        36.13649,
                        1105.76
                    ],
                    [
                        -81.683035,
                        36.136208,
                        1101.46
                    ],
                    [
                        -81.68201,
                        36.135925,
                        1095.75
                    ],
                    [
                        -81.680985,
                        36.135643,
                        1092.49
                    ],
                    [
                        -81.67996,
                        36.13536,
                        1091.98
                    ],
                    [
                        -81.67975,
                        36.1353,
                        1091.98
                    ],
                    [
                        -81.67931,
                        36.13514,
                        1092.83
                    ],
                    [
                        -81.679,
                        36.13505,
                        1093.07
                    ],
                    [
                        -81.67872,
                        36.13502,
                        1092.96
                    ],
                    [
                        -81.67798,
                        36.13499,
                        1091.02
                    ],
                    [
                        -81.67799,
                        36.13492,
                        1091.02
                    ],
                    [
                        -81.67797,
                        36.13489,
                        1090.81
                    ],
                    [
                        -81.67812,
                        36.134,
                        1089.79
                    ],
                    [
                        -81.67816,
                        36.13393,
                        1089.73
                    ],
                    [
                        -81.678915,
                        36.13394,
                        1090.02
                    ],
                    [
                        -81.67967,
                        36.13395,
                        1088.9
                    ],
                    [
                        -81.67976,
                        36.13392,
                        1089
                    ],
                    [
                        -81.67981,
                        36.13386,
                        1089
                    ],
                    [
                        -81.68004,
                        36.13383,
                        1088.31
                    ],
                    [
                        -81.67998,
                        36.13357,
                        1087.27
                    ],
                    [
                        -81.6799,
                        36.13343,
                        1085.18
                    ],
                    [
                        -81.67999,
                        36.13329,
                        1082.45
                    ],
                    [
                        -81.67994,
                        36.13309,
                        1082.17
                    ],
                    [
                        -81.67985,
                        36.13288,
                        1082.25
                    ],
                    [
                        -81.67985,
                        36.13299,
                        1082.19
                    ],
                    [
                        -81.67989,
                        36.13307,
                        1082.22
                    ]
                ]
            }
        },
        {
            "type": "Feature",
            "properties": {
                "name": "Blowing Rock parking lot"
                
            },
            "geometry": {
                "type": "Point",
                "coordinates": [
                    -81.679905,
                    36.133083
                ]
            }
        }
    ]
}