{
    "type": "FeatureCollection",
    "features": [
        {
            "type": "Feature",
            "properties": {
                "_gpxType": "trk",
                "name": "Post-Helene Tuesday Night Food Lion Ride",
                "Description": "26.97 Miles, 1,822 Feet of elevation Gain",
                "type": "cycling",
                "links": [
                    {
                        "href": "https://www.strava.com/routes/3413592741341648752"
                    }
                ],
                "coordinateProperties": {}
            },
            "geometry": {
                "type": "LineString",
                "coordinates": [
                    [
                        -81.6111,
                        36.22698,
                        994.7
                    ],
                    [
                        -81.61108,
                        36.22702,
                        994.7
                    ],
                    [
                        -81.61047,
                        36.22687,
                        996.02
                    ],
                    [
                        -81.6104,
                        36.22709,
                        996.26
                    ],
                    [
                        -81.609502,
                        36.226878,
                        998.88
                    ],
                    [
                        -81.608605,
                        36.226665,
                        1000.97
                    ],
                    [
                        -81.607707,
                        36.226453,
                        1003.65
                    ],
                    [
                        -81.60681,
                        36.22624,
                        1006.71
                    ],
                    [
                        -81.60637,
                        36.22638,
                        1007.16
                    ],
                    [
                        -81.605425,
                        36.226703,
                        1010.1
                    ],
                    [
                        -81.604479,
                        36.227026,
                        1012.36
                    ],
                    [
                        -81.603534,
                        36.227348,
                        1013.07
                    ],
                    [
                        -81.602588,
                        36.227671,
                        1012.81
                    ],
                    [
                        -81.601643,
                        36.227994,
                        1011.6
                    ],
                    [
                        -81.600697,
                        36.228316,
                        1009.35
                    ],
                    [
                        -81.599752,
                        36.228639,
                        1005.29
                    ],
                    [
                        -81.598806,
                        36.228962,
                        1001.14
                    ],
                    [
                        -81.597861,
                        36.229285,
                        997.25
                    ],
                    [
                        -81.596915,
                        36.229607,
                        996.79
                    ],
                    [
                        -81.59597,
                        36.22993,
                        997.54
                    ],
                    [
                        -81.595067,
                        36.230233,
                        1000.02
                    ],
                    [
                        -81.594163,
                        36.230537,
                        1004.78
                    ],
                    [
                        -81.59326,
                        36.23084,
                        1008.86
                    ],
                    [
                        -81.59295,
                        36.23092,
                        1009.54
                    ],
                    [
                        -81.59241,
                        36.23103,
                        1011.55
                    ],
                    [
                        -81.59187,
                        36.23108,
                        1012.49
                    ],
                    [
                        -81.59138,
                        36.23108,
                        1013.75
                    ],
                    [
                        -81.59089,
                        36.23104,
                        1014.05
                    ],
                    [
                        -81.58999,
                        36.23086,
                        1014.46
                    ],
                    [
                        -81.589153,
                        36.230593,
                        1014
                    ],
                    [
                        -81.588317,
                        36.230327,
                        1012.42
                    ],
                    [
                        -81.58748,
                        36.23006,
                        1010.71
                    ],
                    [
                        -81.586767,
                        36.229857,
                        1009.27
                    ],
                    [
                        -81.586053,
                        36.229653,
                        1006.03
                    ],
                    [
                        -81.58534,
                        36.22945,
                        1003.15
                    ],
                    [
                        -81.58475,
                        36.22936,
                        1000.42
                    ],
                    [
                        -81.58435,
                        36.22932,
                        998.88
                    ],
                    [
                        -81.58382,
                        36.22932,
                        996.88
                    ],
                    [
                        -81.58337,
                        36.22936,
                        994.88
                    ],
                    [
                        -81.58257,
                        36.22951,
                        991.4
                    ],
                    [
                        -81.58199,
                        36.2297,
                        988.99
                    ],
                    [
                        -81.58138,
                        36.229995,
                        986.85
                    ],
                    [
                        -81.58077,
                        36.23029,
                        985.2
                    ],
                    [
                        -81.58012,
                        36.23056,
                        984.85
                    ],
                    [
                        -81.579305,
                        36.23096,
                        983.25
                    ],
                    [
                        -81.57849,
                        36.23136,
                        981.74
                    ],
                    [
                        -81.57768,
                        36.231733,
                        980.4
                    ],
                    [
                        -81.57687,
                        36.232107,
                        978.67
                    ],
                    [
                        -81.57606,
                        36.23248,
                        977.36
                    ],
                    [
                        -81.575313,
                        36.23284,
                        975.63
                    ],
                    [
                        -81.574567,
                        36.2332,
                        973.75
                    ],
                    [
                        -81.57382,
                        36.23356,
                        972.06
                    ],
                    [
                        -81.57299,
                        36.23389,
                        970.31
                    ],
                    [
                        -81.57231,
                        36.23411,
                        969.3
                    ],
                    [
                        -81.57154,
                        36.23428,
                        967.59
                    ],
                    [
                        -81.57083,
                        36.23438,
                        966.86
                    ],
                    [
                        -81.569833,
                        36.234492,
                        964.81
                    ],
                    [
                        -81.568837,
                        36.234605,
                        963.13
                    ],
                    [
                        -81.56784,
                        36.234717,
                        961.73
                    ],
                    [
                        -81.566843,
                        36.234829,
                        959.56
                    ],
                    [
                        -81.565847,
                        36.234941,
                        958.16
                    ],
                    [
                        -81.56485,
                        36.235053,
                        956.6
                    ],
                    [
                        -81.563853,
                        36.235166,
                        954.24
                    ],
                    [
                        -81.562857,
                        36.235278,
                        953.51
                    ],
                    [
                        -81.56186,
                        36.23539,
                        955.23
                    ],
                    [
                        -81.56178,
                        36.23523,
                        954.85
                    ],
                    [
                        -81.56161,
                        36.23508,
                        954.82
                    ],
                    [
                        -81.56143,
                        36.23499,
                        955.07
                    ],
                    [
                        -81.56129,
                        36.23497,
                        955.28
                    ],
                    [
                        -81.56085,
                        36.23501,
                        956.05
                    ],
                    [
                        -81.560057,
                        36.23513,
                        957.95
                    ],
                    [
                        -81.559263,
                        36.23525,
                        959.24
                    ],
                    [
                        -81.55847,
                        36.23537,
                        960.15
                    ],
                    [
                        -81.55798,
                        36.23542,
                        960.16
                    ],
                    [
                        -81.55731,
                        36.23537,
                        960.08
                    ],
                    [
                        -81.55664,
                        36.23532,
                        960.36
                    ],
                    [
                        -81.55561,
                        36.235238,
                        961.01
                    ],
                    [
                        -81.55458,
                        36.235156,
                        961.86
                    ],
                    [
                        -81.55355,
                        36.235074,
                        964.59
                    ],
                    [
                        -81.55252,
                        36.234992,
                        966.79
                    ],
                    [
                        -81.55149,
                        36.23491,
                        968.5
                    ],
                    [
                        -81.55117,
                        36.23484,
                        969.13
                    ],
                    [
                        -81.55095,
                        36.23472,
                        969.92
                    ],
                    [
                        -81.55026,
                        36.23422,
                        970.6
                    ],
                    [
                        -81.5501,
                        36.23406,
                        970.29
                    ],
                    [
                        -81.55009,
                        36.23394,
                        970.3
                    ],
                    [
                        -81.5501,
                        36.23383,
                        970.43
                    ],
                    [
                        -81.55028,
                        36.23345,
                        971.22
                    ],
                    [
                        -81.549625,
                        36.23334,
                        971.13
                    ],
                    [
                        -81.54897,
                        36.23323,
                        972.1
                    ],
                    [
                        -81.54858,
                        36.23322,
                        972.66
                    ],
                    [
                        -81.54831,
                        36.23324,
                        973.51
                    ],
                    [
                        -81.54809,
                        36.23328,
                        973.62
                    ],
                    [
                        -81.54805,
                        36.23329,
                        973.68
                    ],
                    [
                        -81.54777,
                        36.2334,
                        974.61
                    ],
                    [
                        -81.54742,
                        36.23359,
                        974.61
                    ],
                    [
                        -81.54723,
                        36.23377,
                        975.99
                    ],
                    [
                        -81.5471,
                        36.23391,
                        976.34
                    ],
                    [
                        -81.54688,
                        36.2342,
                        977.19
                    ],
                    [
                        -81.54665,
                        36.23462,
                        978.29
                    ],
                    [
                        -81.54626,
                        36.235368,
                        979.52
                    ],
                    [
                        -81.54587,
                        36.236115,
                        977.31
                    ],
                    [
                        -81.54548,
                        36.236863,
                        974.74
                    ],
                    [
                        -81.54509,
                        36.23761,
                        973.78
                    ],
                    [
                        -81.54468,
                        36.238415,
                        971.75
                    ],
                    [
                        -81.54427,
                        36.23922,
                        968.84
                    ],
                    [
                        -81.54401,
                        36.23963,
                        967.54
                    ],
                    [
                        -81.5437,
                        36.24001,
                        967.21
                    ],
                    [
                        -81.54333,
                        36.24039,
                        965.04
                    ],
                    [
                        -81.54286,
                        36.24074,
                        964.03
                    ],
                    [
                        -81.54218,
                        36.24114,
                        962.29
                    ],
                    [
                        -81.54165,
                        36.24137,
                        960.18
                    ],
                    [
                        -81.54092,
                        36.24163,
                        957.06
                    ],
                    [
                        -81.5403,
                        36.24179,
                        953.41
                    ],
                    [
                        -81.53954,
                        36.24191,
                        951.81
                    ],
                    [
                        -81.53861,
                        36.24198,
                        952.46
                    ],
                    [
                        -81.537704,
                        36.242044,
                        952.05
                    ],
                    [
                        -81.536798,
                        36.242108,
                        951.19
                    ],
                    [
                        -81.535892,
                        36.242172,
                        949.56
                    ],
                    [
                        -81.534986,
                        36.242236,
                        948.23
                    ],
                    [
                        -81.53408,
                        36.2423,
                        947.18
                    ],
                    [
                        -81.53405,
                        36.2423,
                        947.16
                    ],
                    [
                        -81.534035,
                        36.24297,
                        949.41
                    ],
                    [
                        -81.53402,
                        36.24364,
                        954.36
                    ],
                    [
                        -81.53461,
                        36.24361,
                        955.03
                    ],
                    [
                        -81.53556,
                        36.24348,
                        956.59
                    ],
                    [
                        -81.536508,
                        36.24332,
                        957.63
                    ],
                    [
                        -81.537455,
                        36.24316,
                        958.97
                    ],
                    [
                        -81.538403,
                        36.243,
                        960.96
                    ],
                    [
                        -81.53935,
                        36.24284,
                        962.41
                    ],
                    [
                        -81.53966,
                        36.2434,
                        959.63
                    ],
                    [
                        -81.53976,
                        36.24356,
                        959.17
                    ],
                    [
                        -81.53998,
                        36.24385,
                        958.92
                    ],
                    [
                        -81.5403,
                        36.2442,
                        959.95
                    ],
                    [
                        -81.54106,
                        36.24466,
                        963.26
                    ],
                    [
                        -81.54136,
                        36.24495,
                        966.07
                    ],
                    [
                        -81.54154,
                        36.24518,
                        967.27
                    ],
                    [
                        -81.54172,
                        36.2455,
                        970.9
                    ],
                    [
                        -81.54182,
                        36.24566,
                        970.9
                    ],
                    [
                        -81.54231,
                        36.24613,
                        973.73
                    ],
                    [
                        -81.5424,
                        36.24631,
                        975.44
                    ],
                    [
                        -81.54259,
                        36.24711,
                        979.81
                    ],
                    [
                        -81.54276,
                        36.24748,
                        981.3
                    ],
                    [
                        -81.54298,
                        36.24784,
                        982.07
                    ],
                    [
                        -81.54312,
                        36.24817,
                        982.52
                    ],
                    [
                        -81.54326,
                        36.24841,
                        983.52
                    ],
                    [
                        -81.54357,
                        36.24871,
                        985.9
                    ],
                    [
                        -81.54379,
                        36.24885,
                        987.3
                    ],
                    [
                        -81.54388,
                        36.24897,
                        987.62
                    ],
                    [
                        -81.54396,
                        36.2491,
                        988.05
                    ],
                    [
                        -81.54406,
                        36.24944,
                        987.82
                    ],
                    [
                        -81.54411,
                        36.24957,
                        987.26
                    ],
                    [
                        -81.54421,
                        36.24966,
                        986.76
                    ],
                    [
                        -81.54494,
                        36.249995,
                        979.45
                    ],
                    [
                        -81.54567,
                        36.25033,
                        970.63
                    ],
                    [
                        -81.54598,
                        36.25045,
                        968.47
                    ],
                    [
                        -81.54674,
                        36.25056,
                        963.35
                    ],
                    [
                        -81.547595,
                        36.25059,
                        957.85
                    ],
                    [
                        -81.54845,
                        36.25062,
                        953.19
                    ],
                    [
                        -81.54897,
                        36.25072,
                        951.12
                    ],
                    [
                        -81.54943,
                        36.25086,
                        948.88
                    ],
                    [
                        -81.54988,
                        36.25103,
                        945.93
                    ],
                    [
                        -81.5501,
                        36.25116,
                        944.08
                    ],
                    [
                        -81.55032,
                        36.25135,
                        942.95
                    ],
                    [
                        -81.55047,
                        36.25165,
                        941.22
                    ],
                    [
                        -81.55057,
                        36.25193,
                        939.39
                    ],
                    [
                        -81.55068,
                        36.25219,
                        938.29
                    ],
                    [
                        -81.55094,
                        36.25257,
                        938.08
                    ],
                    [
                        -81.551,
                        36.25275,
                        938.27
                    ],
                    [
                        -81.55106,
                        36.25325,
                        939.01
                    ],
                    [
                        -81.55105,
                        36.25391,
                        937.41
                    ],
                    [
                        -81.55104,
                        36.25457,
                        934.55
                    ],
                    [
                        -81.551225,
                        36.25504,
                        932.74
                    ],
                    [
                        -81.55141,
                        36.25551,
                        931.72
                    ],
                    [
                        -81.55183,
                        36.256305,
                        931.05
                    ],
                    [
                        -81.55225,
                        36.2571,
                        929.58
                    ],
                    [
                        -81.55248,
                        36.25748,
                        929.08
                    ],
                    [
                        -81.55291,
                        36.258,
                        927.39
                    ],
                    [
                        -81.55324,
                        36.25869,
                        924.77
                    ],
                    [
                        -81.55333,
                        36.25886,
                        925.25
                    ],
                    [
                        -81.55346,
                        36.25905,
                        926.09
                    ],
                    [
                        -81.55372,
                        36.25927,
                        927.75
                    ],
                    [
                        -81.55382,
                        36.25942,
                        928.96
                    ],
                    [
                        -81.554175,
                        36.259965,
                        930.57
                    ],
                    [
                        -81.55453,
                        36.26051,
                        928.53
                    ],
                    [
                        -81.554755,
                        36.26096,
                        926.53
                    ],
                    [
                        -81.55498,
                        36.26141,
                        922.07
                    ],
                    [
                        -81.55526,
                        36.26212,
                        916.29
                    ],
                    [
                        -81.55539,
                        36.26256,
                        914.66
                    ],
                    [
                        -81.55552,
                        36.263,
                        913.37
                    ],
                    [
                        -81.55551,
                        36.26297,
                        913.44
                    ],
                    [
                        -81.55552,
                        36.26316,
                        912.91
                    ],
                    [
                        -81.55538,
                        36.2635,
                        912.18
                    ],
                    [
                        -81.55507,
                        36.26395,
                        912.3
                    ],
                    [
                        -81.55476,
                        36.2644,
                        911.6
                    ],
                    [
                        -81.55444,
                        36.26498,
                        910.15
                    ],
                    [
                        -81.55422,
                        36.26549,
                        909.99
                    ],
                    [
                        -81.554,
                        36.266,
                        909.39
                    ],
                    [
                        -81.5539,
                        36.26616,
                        909.2
                    ],
                    [
                        -81.55363,
                        36.26645,
                        908.31
                    ],
                    [
                        -81.5534,
                        36.26664,
                        908.18
                    ],
                    [
                        -81.55252,
                        36.26714,
                        907.37
                    ],
                    [
                        -81.55221,
                        36.26729,
                        907.52
                    ],
                    [
                        -81.55176,
                        36.26747,
                        907.54
                    ],
                    [
                        -81.55146,
                        36.26761,
                        907.66
                    ],
                    [
                        -81.5513,
                        36.26773,
                        907.54
                    ],
                    [
                        -81.551,
                        36.26786,
                        907.26
                    ],
                    [
                        -81.55064,
                        36.26796,
                        905.86
                    ],
                    [
                        -81.5501,
                        36.26805,
                        904.92
                    ],
                    [
                        -81.54978,
                        36.26805,
                        904.21
                    ],
                    [
                        -81.54916,
                        36.26798,
                        901.77
                    ],
                    [
                        -81.54854,
                        36.26791,
                        900.42
                    ],
                    [
                        -81.54827,
                        36.26794,
                        899.3
                    ],
                    [
                        -81.548,
                        36.26805,
                        899.01
                    ],
                    [
                        -81.54757,
                        36.26828,
                        899.26
                    ],
                    [
                        -81.54723,
                        36.26855,
                        900.06
                    ],
                    [
                        -81.54714,
                        36.26876,
                        901.27
                    ],
                    [
                        -81.54702,
                        36.26948,
                        902.53
                    ],
                    [
                        -81.54701,
                        36.26974,
                        902.56
                    ],
                    [
                        -81.54706,
                        36.26999,
                        902.65
                    ],
                    [
                        -81.5472,
                        36.27021,
                        902.43
                    ],
                    [
                        -81.54751,
                        36.2706,
                        902.02
                    ],
                    [
                        -81.54763,
                        36.2708,
                        902.38
                    ],
                    [
                        -81.54765,
                        36.27098,
                        902.65
                    ],
                    [
                        -81.54765,
                        36.27117,
                        903.57
                    ],
                    [
                        -81.54755,
                        36.27155,
                        903.15
                    ],
                    [
                        -81.54746,
                        36.2717,
                        901.99
                    ],
                    [
                        -81.54724,
                        36.27186,
                        899.11
                    ],
                    [
                        -81.54697,
                        36.272,
                        897.26
                    ],
                    [
                        -81.54687,
                        36.2721,
                        896.98
                    ],
                    [
                        -81.54679,
                        36.27218,
                        896.72
                    ],
                    [
                        -81.54678,
                        36.2722,
                        896.69
                    ],
                    [
                        -81.546115,
                        36.271795,
                        900.99
                    ],
                    [
                        -81.54545,
                        36.27139,
                        905.3
                    ],
                    [
                        -81.54518,
                        36.27125,
                        906.43
                    ],
                    [
                        -81.54468,
                        36.27109,
                        909.6
                    ],
                    [
                        -81.54433,
                        36.27104,
                        910.64
                    ],
                    [
                        -81.54392,
                        36.27101,
                        912.77
                    ],
                    [
                        -81.543025,
                        36.271015,
                        916.93
                    ],
                    [
                        -81.54213,
                        36.27102,
                        922.26
                    ],
                    [
                        -81.54188,
                        36.271,
                        923.24
                    ],
                    [
                        -81.54155,
                        36.27096,
                        924.85
                    ],
                    [
                        -81.540555,
                        36.27081,
                        931.56
                    ],
                    [
                        -81.53956,
                        36.27066,
                        938.8
                    ],
                    [
                        -81.538545,
                        36.270495,
                        939.99
                    ],
                    [
                        -81.53753,
                        36.27033,
                        935.82
                    ],
                    [
                        -81.53721,
                        36.27029,
                        933.17
                    ],
                    [
                        -81.536485,
                        36.270255,
                        927.35
                    ],
                    [
                        -81.53576,
                        36.27022,
                        921.25
                    ],
                    [
                        -81.53499,
                        36.27015,
                        920.48
                    ],
                    [
                        -81.53497,
                        36.27055,
                        920.31
                    ],
                    [
                        -81.53497,
                        36.27097,
                        920.46
                    ],
                    [
                        -81.53511,
                        36.2716,
                        919.82
                    ],
                    [
                        -81.53514,
                        36.27182,
                        919.73
                    ],
                    [
                        -81.53519,
                        36.27199,
                        919.37
                    ],
                    [
                        -81.53519,
                        36.27253,
                        918.36
                    ],
                    [
                        -81.53524,
                        36.273,
                        917.86
                    ],
                    [
                        -81.53532,
                        36.27319,
                        917.15
                    ],
                    [
                        -81.53556,
                        36.27374,
                        916.29
                    ],
                    [
                        -81.53564,
                        36.27401,
                        915.79
                    ],
                    [
                        -81.53569,
                        36.27433,
                        915.06
                    ],
                    [
                        -81.535715,
                        36.27481,
                        913.17
                    ],
                    [
                        -81.53574,
                        36.27529,
                        911.02
                    ],
                    [
                        -81.53582,
                        36.27579,
                        910.29
                    ],
                    [
                        -81.53599,
                        36.27642,
                        909.13
                    ],
                    [
                        -81.53604,
                        36.27658,
                        909.05
                    ],
                    [
                        -81.53617,
                        36.27678,
                        909.18
                    ],
                    [
                        -81.5364,
                        36.27703,
                        909.6
                    ],
                    [
                        -81.53686,
                        36.27749,
                        910.76
                    ],
                    [
                        -81.53704,
                        36.27774,
                        910.99
                    ],
                    [
                        -81.53716,
                        36.278,
                        910.86
                    ],
                    [
                        -81.53726,
                        36.27863,
                        908.34
                    ],
                    [
                        -81.5373,
                        36.27876,
                        907.79
                    ],
                    [
                        -81.53739,
                        36.27888,
                        907.31
                    ],
                    [
                        -81.53769,
                        36.27917,
                        905.85
                    ],
                    [
                        -81.53783,
                        36.27929,
                        905.53
                    ],
                    [
                        -81.5385,
                        36.27967,
                        902.96
                    ],
                    [
                        -81.53878,
                        36.27989,
                        901.79
                    ],
                    [
                        -81.53899,
                        36.28012,
                        900.67
                    ],
                    [
                        -81.53927,
                        36.28067,
                        900.12
                    ],
                    [
                        -81.53953,
                        36.28096,
                        900.26
                    ],
                    [
                        -81.54003,
                        36.28147,
                        901.03
                    ],
                    [
                        -81.54021,
                        36.28172,
                        901.32
                    ],
                    [
                        -81.54043,
                        36.28219,
                        901.89
                    ],
                    [
                        -81.54048,
                        36.28239,
                        901.82
                    ],
                    [
                        -81.54047,
                        36.28257,
                        901.21
                    ],
                    [
                        -81.54039,
                        36.28279,
                        900.07
                    ],
                    [
                        -81.54003,
                        36.28336,
                        894.94
                    ],
                    [
                        -81.53994,
                        36.28357,
                        893.89
                    ],
                    [
                        -81.53995,
                        36.28382,
                        891.44
                    ],
                    [
                        -81.54012,
                        36.28424,
                        889.85
                    ],
                    [
                        -81.54056,
                        36.28488,
                        887.79
                    ],
                    [
                        -81.54066,
                        36.28508,
                        887.87
                    ],
                    [
                        -81.54075,
                        36.28527,
                        888.11
                    ],
                    [
                        -81.54092,
                        36.28595,
                        890.02
                    ],
                    [
                        -81.54092,
                        36.28609,
                        890.18
                    ],
                    [
                        -81.54089,
                        36.28616,
                        890.12
                    ],
                    [
                        -81.5408,
                        36.28627,
                        889.93
                    ],
                    [
                        -81.54016,
                        36.28669,
                        886.68
                    ],
                    [
                        -81.53966,
                        36.28705,
                        885.85
                    ],
                    [
                        -81.53927,
                        36.28726,
                        885.74
                    ],
                    [
                        -81.53851,
                        36.2874,
                        885.27
                    ],
                    [
                        -81.53788,
                        36.2874,
                        883.84
                    ],
                    [
                        -81.53776,
                        36.28749,
                        883.72
                    ],
                    [
                        -81.53753,
                        36.28772,
                        883.55
                    ],
                    [
                        -81.53738,
                        36.28777,
                        883.4
                    ],
                    [
                        -81.53695,
                        36.28772,
                        884.94
                    ],
                    [
                        -81.53682,
                        36.28774,
                        885.37
                    ],
                    [
                        -81.5373,
                        36.28809,
                        885.74
                    ],
                    [
                        -81.53771,
                        36.28846,
                        886.02
                    ],
                    [
                        -81.53827,
                        36.2889,
                        886.13
                    ],
                    [
                        -81.53882,
                        36.28924,
                        886.27
                    ],
                    [
                        -81.53909,
                        36.28947,
                        886.61
                    ],
                    [
                        -81.539465,
                        36.289875,
                        886.63
                    ],
                    [
                        -81.53984,
                        36.29028,
                        886.72
                    ],
                    [
                        -81.54012,
                        36.29063,
                        886.95
                    ],
                    [
                        -81.54034,
                        36.29127,
                        887.34
                    ],
                    [
                        -81.54047,
                        36.29146,
                        887.6
                    ],
                    [
                        -81.54062,
                        36.29162,
                        887.6
                    ],
                    [
                        -81.541,
                        36.29187,
                        887.93
                    ],
                    [
                        -81.54151,
                        36.29242,
                        887.63
                    ],
                    [
                        -81.54169,
                        36.29257,
                        887.66
                    ],
                    [
                        -81.54173,
                        36.29259,
                        887.67
                    ],
                    [
                        -81.5419,
                        36.29267,
                        887.89
                    ],
                    [
                        -81.54218,
                        36.29275,
                        887.97
                    ],
                    [
                        -81.54321,
                        36.29286,
                        887.91
                    ],
                    [
                        -81.54361,
                        36.29283,
                        887.97
                    ],
                    [
                        -81.54388,
                        36.29271,
                        888.3
                    ],
                    [
                        -81.54411,
                        36.29252,
                        888.31
                    ],
                    [
                        -81.54428,
                        36.29232,
                        888.35
                    ],
                    [
                        -81.54442,
                        36.29182,
                        888.75
                    ],
                    [
                        -81.5445,
                        36.29161,
                        888.82
                    ],
                    [
                        -81.54455,
                        36.29151,
                        888.82
                    ],
                    [
                        -81.54482,
                        36.29126,
                        888.94
                    ],
                    [
                        -81.54495,
                        36.29119,
                        889.05
                    ],
                    [
                        -81.54519,
                        36.29111,
                        889.05
                    ],
                    [
                        -81.54608,
                        36.291015,
                        888.06
                    ],
                    [
                        -81.54697,
                        36.29092,
                        888.05
                    ],
                    [
                        -81.54751,
                        36.2909,
                        888.32
                    ],
                    [
                        -81.54773,
                        36.29092,
                        888.39
                    ],
                    [
                        -81.54808,
                        36.29107,
                        888.74
                    ],
                    [
                        -81.54831,
                        36.29127,
                        888.86
                    ],
                    [
                        -81.54875,
                        36.29179,
                        888.99
                    ],
                    [
                        -81.5492,
                        36.29237,
                        889.3
                    ],
                    [
                        -81.54934,
                        36.29253,
                        889.66
                    ],
                    [
                        -81.54952,
                        36.29265,
                        889.75
                    ],
                    [
                        -81.54978,
                        36.29277,
                        889.7
                    ],
                    [
                        -81.55005,
                        36.29285,
                        889.77
                    ],
                    [
                        -81.55033,
                        36.2929,
                        889.78
                    ],
                    [
                        -81.55069,
                        36.29289,
                        889.7
                    ],
                    [
                        -81.55095,
                        36.2928,
                        889.43
                    ],
                    [
                        -81.55122,
                        36.29267,
                        889.36
                    ],
                    [
                        -81.55144,
                        36.29251,
                        889.24
                    ],
                    [
                        -81.5514,
                        36.29255,
                        889.25
                    ],
                    [
                        -81.55153,
                        36.29243,
                        889.23
                    ],
                    [
                        -81.55166,
                        36.29228,
                        889.26
                    ],
                    [
                        -81.5518,
                        36.29199,
                        889.41
                    ],
                    [
                        -81.55189,
                        36.29174,
                        889.32
                    ],
                    [
                        -81.55194,
                        36.2915,
                        889.42
                    ],
                    [
                        -81.5519,
                        36.29134,
                        889.54
                    ],
                    [
                        -81.5518,
                        36.29115,
                        889.82
                    ],
                    [
                        -81.55167,
                        36.291,
                        889.98
                    ],
                    [
                        -81.551,
                        36.29032,
                        889.71
                    ],
                    [
                        -81.55083,
                        36.2901,
                        889.6
                    ],
                    [
                        -81.55045,
                        36.289463,
                        889.65
                    ],
                    [
                        -81.55007,
                        36.288827,
                        889.68
                    ],
                    [
                        -81.54969,
                        36.28819,
                        889.97
                    ],
                    [
                        -81.54947,
                        36.28772,
                        890.04
                    ],
                    [
                        -81.54939,
                        36.28748,
                        889.81
                    ],
                    [
                        -81.54942,
                        36.2871,
                        889.53
                    ],
                    [
                        -81.54952,
                        36.28675,
                        889.48
                    ],
                    [
                        -81.5496,
                        36.28662,
                        889.47
                    ],
                    [
                        -81.54974,
                        36.28642,
                        889.55
                    ],
                    [
                        -81.5502,
                        36.28606,
                        889.6
                    ],
                    [
                        -81.55051,
                        36.28593,
                        889.87
                    ],
                    [
                        -81.551463,
                        36.285653,
                        890.06
                    ],
                    [
                        -81.552417,
                        36.285377,
                        890.25
                    ],
                    [
                        -81.55337,
                        36.2851,
                        890.28
                    ],
                    [
                        -81.55411,
                        36.28486,
                        890.29
                    ],
                    [
                        -81.55485,
                        36.28462,
                        890.63
                    ],
                    [
                        -81.55552,
                        36.28452,
                        890.52
                    ],
                    [
                        -81.55601,
                        36.28442,
                        890.73
                    ],
                    [
                        -81.55618,
                        36.28435,
                        890.82
                    ],
                    [
                        -81.55656,
                        36.28407,
                        890.87
                    ],
                    [
                        -81.55713,
                        36.28372,
                        891
                    ],
                    [
                        -81.557975,
                        36.28335,
                        890.98
                    ],
                    [
                        -81.55882,
                        36.28298,
                        891.13
                    ],
                    [
                        -81.55937,
                        36.28263,
                        890.96
                    ],
                    [
                        -81.55973,
                        36.28233,
                        891.12
                    ],
                    [
                        -81.55995,
                        36.28212,
                        891.15
                    ],
                    [
                        -81.56009,
                        36.2819,
                        891.09
                    ],
                    [
                        -81.56018,
                        36.28161,
                        891.24
                    ],
                    [
                        -81.56018,
                        36.28165,
                        891.24
                    ],
                    [
                        -81.56022,
                        36.28142,
                        891.21
                    ],
                    [
                        -81.56021,
                        36.2813,
                        891.1
                    ],
                    [
                        -81.56018,
                        36.2812,
                        891.1
                    ],
                    [
                        -81.56004,
                        36.28091,
                        891.25
                    ],
                    [
                        -81.5599,
                        36.28076,
                        891.24
                    ],
                    [
                        -81.55981,
                        36.28069,
                        891.24
                    ],
                    [
                        -81.55958,
                        36.28058,
                        890.84
                    ],
                    [
                        -81.55928,
                        36.28049,
                        890.77
                    ],
                    [
                        -81.558655,
                        36.280345,
                        890.93
                    ],
                    [
                        -81.55803,
                        36.2802,
                        890.98
                    ],
                    [
                        -81.55767,
                        36.28008,
                        890.98
                    ],
                    [
                        -81.55718,
                        36.27986,
                        891.18
                    ],
                    [
                        -81.55687,
                        36.27967,
                        891.32
                    ],
                    [
                        -81.55631,
                        36.27929,
                        891.38
                    ],
                    [
                        -81.55575,
                        36.27891,
                        891.26
                    ],
                    [
                        -81.55525,
                        36.27852,
                        891.41
                    ],
                    [
                        -81.55494,
                        36.2782,
                        891.41
                    ],
                    [
                        -81.55453,
                        36.2776,
                        891.29
                    ],
                    [
                        -81.55441,
                        36.27741,
                        891.29
                    ],
                    [
                        -81.55436,
                        36.27716,
                        891.3
                    ],
                    [
                        -81.55436,
                        36.2769,
                        891.42
                    ],
                    [
                        -81.55443,
                        36.27663,
                        891.58
                    ],
                    [
                        -81.55444,
                        36.27661,
                        891.57
                    ],
                    [
                        -81.5548,
                        36.27628,
                        891.44
                    ],
                    [
                        -81.55506,
                        36.27617,
                        891.51
                    ],
                    [
                        -81.55529,
                        36.2761,
                        891.51
                    ],
                    [
                        -81.556145,
                        36.27592,
                        891.88
                    ],
                    [
                        -81.557,
                        36.27574,
                        892.44
                    ],
                    [
                        -81.55741,
                        36.27571,
                        892.27
                    ],
                    [
                        -81.55791,
                        36.27577,
                        892.15
                    ],
                    [
                        -81.55853,
                        36.27592,
                        892.02
                    ],
                    [
                        -81.55888,
                        36.27597,
                        892.03
                    ],
                    [
                        -81.55911,
                        36.27596,
                        891.99
                    ],
                    [
                        -81.55937,
                        36.27591,
                        891.7
                    ],
                    [
                        -81.55964,
                        36.27577,
                        891.66
                    ],
                    [
                        -81.56009,
                        36.27545,
                        891.75
                    ],
                    [
                        -81.560657,
                        36.274953,
                        891.87
                    ],
                    [
                        -81.561223,
                        36.274457,
                        892.02
                    ],
                    [
                        -81.56179,
                        36.27396,
                        892.06
                    ],
                    [
                        -81.56197,
                        36.27384,
                        892.07
                    ],
                    [
                        -81.56228,
                        36.27365,
                        892.19
                    ],
                    [
                        -81.56278,
                        36.27342,
                        892.33
                    ],
                    [
                        -81.56313,
                        36.27331,
                        892.48
                    ],
                    [
                        -81.56345,
                        36.27327,
                        892.74
                    ],
                    [
                        -81.56371,
                        36.27329,
                        892.76
                    ],
                    [
                        -81.56469,
                        36.27356,
                        892.89
                    ],
                    [
                        -81.56501,
                        36.27363,
                        892.92
                    ],
                    [
                        -81.56532,
                        36.27361,
                        893.11
                    ],
                    [
                        -81.56604,
                        36.27353,
                        893.18
                    ],
                    [
                        -81.56653,
                        36.27353,
                        893.35
                    ],
                    [
                        -81.5668,
                        36.27359,
                        893.39
                    ],
                    [
                        -81.56703,
                        36.27368,
                        893.5
                    ],
                    [
                        -81.56725,
                        36.2738,
                        893.76
                    ],
                    [
                        -81.56738,
                        36.27389,
                        893.76
                    ],
                    [
                        -81.56756,
                        36.27409,
                        893.9
                    ],
                    [
                        -81.56774,
                        36.27436,
                        894.25
                    ],
                    [
                        -81.56796,
                        36.27473,
                        894.6
                    ],
                    [
                        -81.56827,
                        36.27544,
                        894.63
                    ],
                    [
                        -81.5685,
                        36.27586,
                        894.85
                    ],
                    [
                        -81.56913,
                        36.27659,
                        895
                    ],
                    [
                        -81.56926,
                        36.27676,
                        895.09
                    ],
                    [
                        -81.569555,
                        36.27724,
                        895.33
                    ],
                    [
                        -81.56985,
                        36.27772,
                        895.48
                    ],
                    [
                        -81.56997,
                        36.27788,
                        895.56
                    ],
                    [
                        -81.56999,
                        36.27802,
                        895.56
                    ],
                    [
                        -81.57006,
                        36.27852,
                        895.36
                    ],
                    [
                        -81.57002,
                        36.27877,
                        895.33
                    ],
                    [
                        -81.56994,
                        36.27904,
                        895.37
                    ],
                    [
                        -81.56994,
                        36.27924,
                        895.51
                    ],
                    [
                        -81.56998,
                        36.27939,
                        895.59
                    ],
                    [
                        -81.57011,
                        36.27965,
                        895.59
                    ],
                    [
                        -81.57061,
                        36.280285,
                        895.67
                    ],
                    [
                        -81.57111,
                        36.28092,
                        895.55
                    ],
                    [
                        -81.57149,
                        36.28126,
                        895.46
                    ],
                    [
                        -81.572035,
                        36.28168,
                        895.65
                    ],
                    [
                        -81.57258,
                        36.2821,
                        895.47
                    ],
                    [
                        -81.57276,
                        36.28228,
                        895.41
                    ],
                    [
                        -81.57305,
                        36.282665,
                        895.39
                    ],
                    [
                        -81.57334,
                        36.28305,
                        895.51
                    ],
                    [
                        -81.57366,
                        36.28362,
                        895.38
                    ],
                    [
                        -81.5741,
                        36.28418,
                        895.48
                    ],
                    [
                        -81.574505,
                        36.284575,
                        895.54
                    ],
                    [
                        -81.57491,
                        36.28497,
                        895.46
                    ],
                    [
                        -81.575463,
                        36.28546,
                        895.42
                    ],
                    [
                        -81.576017,
                        36.28595,
                        895.59
                    ],
                    [
                        -81.57657,
                        36.28644,
                        895.66
                    ],
                    [
                        -81.57719,
                        36.28692,
                        895.68
                    ],
                    [
                        -81.57763,
                        36.28734,
                        895.57
                    ],
                    [
                        -81.57813,
                        36.28779,
                        895.67
                    ],
                    [
                        -81.57869,
                        36.28835,
                        895.77
                    ],
                    [
                        -81.579215,
                        36.288855,
                        895.78
                    ],
                    [
                        -81.57974,
                        36.28936,
                        895.85
                    ],
                    [
                        -81.580233,
                        36.289817,
                        896.02
                    ],
                    [
                        -81.580727,
                        36.290273,
                        896.07
                    ],
                    [
                        -81.58122,
                        36.29073,
                        895.99
                    ],
                    [
                        -81.58176,
                        36.29133,
                        896.32
                    ],
                    [
                        -81.58202,
                        36.29164,
                        896.34
                    ],
                    [
                        -81.58221,
                        36.29195,
                        896.55
                    ],
                    [
                        -81.58263,
                        36.29267,
                        897.05
                    ],
                    [
                        -81.58305,
                        36.29339,
                        897.08
                    ],
                    [
                        -81.5833,
                        36.293925,
                        897.23
                    ],
                    [
                        -81.58355,
                        36.29446,
                        897.2
                    ],
                    [
                        -81.583847,
                        36.295017,
                        897.25
                    ],
                    [
                        -81.584143,
                        36.295573,
                        897.4
                    ],
                    [
                        -81.58444,
                        36.29613,
                        897.7
                    ],
                    [
                        -81.58471,
                        36.29675,
                        897.63
                    ],
                    [
                        -81.58478,
                        36.29698,
                        897.98
                    ],
                    [
                        -81.584985,
                        36.29751,
                        897.85
                    ],
                    [
                        -81.58519,
                        36.29804,
                        897.98
                    ],
                    [
                        -81.58555,
                        36.29882,
                        898.47
                    ],
                    [
                        -81.58579,
                        36.29925,
                        898.76
                    ],
                    [
                        -81.58632,
                        36.29998,
                        899.39
                    ],
                    [
                        -81.586745,
                        36.30071,
                        899.32
                    ],
                    [
                        -81.58717,
                        36.30144,
                        899.31
                    ],
                    [
                        -81.58735,
                        36.30185,
                        899.5
                    ],
                    [
                        -81.58763,
                        36.30237,
                        899.38
                    ],
                    [
                        -81.58811,
                        36.30287,
                        899.4
                    ],
                    [
                        -81.588663,
                        36.30333,
                        899.41
                    ],
                    [
                        -81.589217,
                        36.30379,
                        899.39
                    ],
                    [
                        -81.58977,
                        36.30425,
                        899.49
                    ],
                    [
                        -81.5904,
                        36.30471,
                        899.87
                    ],
                    [
                        -81.59082,
                        36.305075,
                        900.13
                    ],
                    [
                        -81.59124,
                        36.30544,
                        900.36
                    ],
                    [
                        -81.591785,
                        36.305875,
                        900.46
                    ],
                    [
                        -81.59233,
                        36.30631,
                        900.91
                    ],
                    [
                        -81.59276,
                        36.30655,
                        901
                    ],
                    [
                        -81.59348,
                        36.30684,
                        901.41
                    ],
                    [
                        -81.59433,
                        36.30715,
                        901.61
                    ],
                    [
                        -81.59453,
                        36.30728,
                        902.03
                    ],
                    [
                        -81.59459,
                        36.30735,
                        902.03
                    ],
                    [
                        -81.59481,
                        36.30722,
                        901.56
                    ],
                    [
                        -81.59492,
                        36.30712,
                        901.35
                    ],
                    [
                        -81.59494,
                        36.30709,
                        901.27
                    ],
                    [
                        -81.59523,
                        36.30675,
                        900.54
                    ],
                    [
                        -81.59545,
                        36.30633,
                        900.74
                    ],
                    [
                        -81.5955,
                        36.30622,
                        900.74
                    ],
                    [
                        -81.5955,
                        36.30583,
                        901.77
                    ],
                    [
                        -81.59545,
                        36.30571,
                        901.83
                    ],
                    [
                        -81.59523,
                        36.3054,
                        901.31
                    ],
                    [
                        -81.59504,
                        36.30515,
                        901.03
                    ],
                    [
                        -81.59453,
                        36.304615,
                        901.24
                    ],
                    [
                        -81.59402,
                        36.30408,
                        901.68
                    ],
                    [
                        -81.59374,
                        36.30377,
                        902.13
                    ],
                    [
                        -81.59349,
                        36.30345,
                        902.45
                    ],
                    [
                        -81.59326,
                        36.30312,
                        904.03
                    ],
                    [
                        -81.59317,
                        36.30294,
                        904.46
                    ],
                    [
                        -81.59313,
                        36.30274,
                        904.55
                    ],
                    [
                        -81.59317,
                        36.30249,
                        903.82
                    ],
                    [
                        -81.59321,
                        36.30236,
                        903.64
                    ],
                    [
                        -81.59326,
                        36.30224,
                        903.43
                    ],
                    [
                        -81.59359,
                        36.301765,
                        903.03
                    ],
                    [
                        -81.59392,
                        36.30129,
                        903.08
                    ],
                    [
                        -81.5943,
                        36.30087,
                        903.15
                    ],
                    [
                        -81.59456,
                        36.30051,
                        903.27
                    ],
                    [
                        -81.59465,
                        36.29999,
                        902.85
                    ],
                    [
                        -81.594645,
                        36.299395,
                        904.36
                    ],
                    [
                        -81.59464,
                        36.2988,
                        904.82
                    ],
                    [
                        -81.59465,
                        36.29831,
                        904.64
                    ],
                    [
                        -81.59466,
                        36.29814,
                        905.01
                    ],
                    [
                        -81.59478,
                        36.29796,
                        905.08
                    ],
                    [
                        -81.59482,
                        36.29794,
                        905.06
                    ],
                    [
                        -81.5951,
                        36.29785,
                        905.02
                    ],
                    [
                        -81.59519,
                        36.29784,
                        905.17
                    ],
                    [
                        -81.59576,
                        36.29792,
                        904.94
                    ],
                    [
                        -81.59604,
                        36.29791,
                        904.37
                    ],
                    [
                        -81.596705,
                        36.29785,
                        903.31
                    ],
                    [
                        -81.59737,
                        36.29779,
                        902.83
                    ],
                    [
                        -81.59764,
                        36.29774,
                        902.85
                    ],
                    [
                        -81.5981,
                        36.29761,
                        903.3
                    ],
                    [
                        -81.59872,
                        36.29737,
                        904.69
                    ],
                    [
                        -81.59916,
                        36.29718,
                        907.63
                    ],
                    [
                        -81.59989,
                        36.29672,
                        911.77
                    ],
                    [
                        -81.60037,
                        36.29657,
                        912.68
                    ],
                    [
                        -81.60051,
                        36.29647,
                        913.56
                    ],
                    [
                        -81.60069,
                        36.29599,
                        916.57
                    ],
                    [
                        -81.60074,
                        36.29579,
                        917.61
                    ],
                    [
                        -81.60074,
                        36.2952,
                        917.52
                    ],
                    [
                        -81.60078,
                        36.29472,
                        916.23
                    ],
                    [
                        -81.60086,
                        36.29454,
                        914.2
                    ],
                    [
                        -81.60096,
                        36.29436,
                        913.23
                    ],
                    [
                        -81.60105,
                        36.29431,
                        911.71
                    ],
                    [
                        -81.60164,
                        36.29411,
                        909.07
                    ],
                    [
                        -81.60186,
                        36.294,
                        908.81
                    ],
                    [
                        -81.6019,
                        36.29394,
                        908.85
                    ],
                    [
                        -81.60195,
                        36.29378,
                        909.5
                    ],
                    [
                        -81.60181,
                        36.29355,
                        910.72
                    ],
                    [
                        -81.60146,
                        36.29327,
                        914.24
                    ],
                    [
                        -81.60141,
                        36.29318,
                        915.2
                    ],
                    [
                        -81.60128,
                        36.2929,
                        920.42
                    ],
                    [
                        -81.60125,
                        36.29278,
                        920.42
                    ],
                    [
                        -81.60132,
                        36.29268,
                        923.03
                    ],
                    [
                        -81.60159,
                        36.29239,
                        926.83
                    ],
                    [
                        -81.60201,
                        36.291925,
                        932.43
                    ],
                    [
                        -81.60243,
                        36.29146,
                        940.11
                    ],
                    [
                        -81.60262,
                        36.29127,
                        941.16
                    ],
                    [
                        -81.60276,
                        36.2912,
                        940.97
                    ],
                    [
                        -81.60312,
                        36.29109,
                        938.83
                    ],
                    [
                        -81.603965,
                        36.29088,
                        935.85
                    ],
                    [
                        -81.60481,
                        36.29067,
                        933.29
                    ],
                    [
                        -81.60552,
                        36.29055,
                        929.75
                    ],
                    [
                        -81.60566,
                        36.29046,
                        928.48
                    ],
                    [
                        -81.60584,
                        36.2902,
                        927.51
                    ],
                    [
                        -81.60593,
                        36.29011,
                        926.96
                    ],
                    [
                        -81.60612,
                        36.29002,
                        925.39
                    ],
                    [
                        -81.60633,
                        36.29,
                        923.62
                    ],
                    [
                        -81.6065,
                        36.29002,
                        923.62
                    ],
                    [
                        -81.60664,
                        36.29006,
                        921.98
                    ],
                    [
                        -81.60677,
                        36.29012,
                        921.98
                    ],
                    [
                        -81.60704,
                        36.2903,
                        918.84
                    ],
                    [
                        -81.60741,
                        36.2906,
                        915.56
                    ],
                    [
                        -81.60761,
                        36.29072,
                        914.21
                    ],
                    [
                        -81.60776,
                        36.29076,
                        913.24
                    ],
                    [
                        -81.60795,
                        36.29075,
                        912.15
                    ],
                    [
                        -81.60808,
                        36.2907,
                        911.6
                    ],
                    [
                        -81.60813,
                        36.29067,
                        911.6
                    ],
                    [
                        -81.60817,
                        36.29062,
                        911.32
                    ],
                    [
                        -81.60818,
                        36.29051,
                        910.96
                    ],
                    [
                        -81.60817,
                        36.29016,
                        910.74
                    ],
                    [
                        -81.60821,
                        36.29002,
                        910.87
                    ],
                    [
                        -81.60827,
                        36.28996,
                        910.87
                    ],
                    [
                        -81.60847,
                        36.28985,
                        911.31
                    ],
                    [
                        -81.60884,
                        36.28969,
                        911.47
                    ],
                    [
                        -81.60956,
                        36.28918,
                        909.43
                    ],
                    [
                        -81.60987,
                        36.28901,
                        908.79
                    ],
                    [
                        -81.61054,
                        36.28872,
                        908.82
                    ],
                    [
                        -81.61072,
                        36.2886,
                        908.34
                    ],
                    [
                        -81.61144,
                        36.28793,
                        907.5
                    ],
                    [
                        -81.61187,
                        36.28755,
                        908.59
                    ],
                    [
                        -81.61256,
                        36.28705,
                        917.57
                    ],
                    [
                        -81.61291,
                        36.28675,
                        923.32
                    ],
                    [
                        -81.61328,
                        36.28653,
                        929.35
                    ],
                    [
                        -81.61377,
                        36.28636,
                        933.13
                    ],
                    [
                        -81.61386,
                        36.2863,
                        934.17
                    ],
                    [
                        -81.61394,
                        36.28615,
                        935.16
                    ],
                    [
                        -81.6139,
                        36.28577,
                        939.3
                    ],
                    [
                        -81.61399,
                        36.28555,
                        941.11
                    ],
                    [
                        -81.61408,
                        36.28544,
                        943.14
                    ],
                    [
                        -81.61422,
                        36.28537,
                        945.6
                    ],
                    [
                        -81.61435,
                        36.28535,
                        945.6
                    ],
                    [
                        -81.61448,
                        36.28536,
                        946.61
                    ],
                    [
                        -81.61497,
                        36.28548,
                        953.55
                    ],
                    [
                        -81.61574,
                        36.28556,
                        959.23
                    ],
                    [
                        -81.61605,
                        36.28556,
                        962.44
                    ],
                    [
                        -81.61618,
                        36.28554,
                        963.48
                    ],
                    [
                        -81.61627,
                        36.2855,
                        964.37
                    ],
                    [
                        -81.61632,
                        36.28543,
                        964.37
                    ],
                    [
                        -81.61628,
                        36.28549,
                        963.86
                    ],
                    [
                        -81.61635,
                        36.2854,
                        965.36
                    ],
                    [
                        -81.61635,
                        36.28534,
                        965.36
                    ],
                    [
                        -81.61632,
                        36.28528,
                        966.19
                    ],
                    [
                        -81.61623,
                        36.28522,
                        966.93
                    ],
                    [
                        -81.61578,
                        36.28502,
                        970.24
                    ],
                    [
                        -81.61573,
                        36.28497,
                        970.24
                    ],
                    [
                        -81.61556,
                        36.28477,
                        970.72
                    ],
                    [
                        -81.6152,
                        36.28446,
                        973.73
                    ],
                    [
                        -81.61516,
                        36.2844,
                        973.73
                    ],
                    [
                        -81.61515,
                        36.28428,
                        974.2
                    ],
                    [
                        -81.6152,
                        36.28417,
                        974.86
                    ],
                    [
                        -81.61533,
                        36.28412,
                        974.86
                    ],
                    [
                        -81.61592,
                        36.28416,
                        976.35
                    ],
                    [
                        -81.61645,
                        36.2841,
                        979.1
                    ],
                    [
                        -81.61694,
                        36.2841,
                        981.09
                    ],
                    [
                        -81.61716,
                        36.28407,
                        981.09
                    ],
                    [
                        -81.61722,
                        36.28404,
                        981.09
                    ],
                    [
                        -81.6174,
                        36.28391,
                        982.36
                    ],
                    [
                        -81.61744,
                        36.2838,
                        982.36
                    ],
                    [
                        -81.61738,
                        36.28367,
                        982.93
                    ],
                    [
                        -81.61726,
                        36.28359,
                        983.95
                    ],
                    [
                        -81.61714,
                        36.28354,
                        983.95
                    ],
                    [
                        -81.61685,
                        36.28336,
                        985.26
                    ],
                    [
                        -81.61645,
                        36.28301,
                        986.75
                    ],
                    [
                        -81.61641,
                        36.28293,
                        987.07
                    ],
                    [
                        -81.61641,
                        36.28283,
                        987.07
                    ],
                    [
                        -81.61645,
                        36.28279,
                        988.12
                    ],
                    [
                        -81.61653,
                        36.28275,
                        988.12
                    ],
                    [
                        -81.61703,
                        36.28265,
                        988.97
                    ],
                    [
                        -81.61726,
                        36.28257,
                        989.48
                    ],
                    [
                        -81.61735,
                        36.2825,
                        989.48
                    ],
                    [
                        -81.61744,
                        36.28241,
                        989.92
                    ],
                    [
                        -81.61766,
                        36.28201,
                        991.38
                    ],
                    [
                        -81.61776,
                        36.28188,
                        991.57
                    ],
                    [
                        -81.61776,
                        36.28137,
                        990.86
                    ],
                    [
                        -81.6178,
                        36.28123,
                        990.32
                    ],
                    [
                        -81.6179,
                        36.28099,
                        989.92
                    ],
                    [
                        -81.61815,
                        36.28059,
                        989.22
                    ],
                    [
                        -81.6182,
                        36.28047,
                        988.86
                    ],
                    [
                        -81.61825,
                        36.28005,
                        986.77
                    ],
                    [
                        -81.61829,
                        36.27995,
                        986.77
                    ],
                    [
                        -81.61852,
                        36.27972,
                        985.28
                    ],
                    [
                        -81.61862,
                        36.27959,
                        984.17
                    ],
                    [
                        -81.61867,
                        36.27948,
                        983.25
                    ],
                    [
                        -81.61868,
                        36.27944,
                        983
                    ],
                    [
                        -81.61878,
                        36.2788,
                        977.01
                    ],
                    [
                        -81.61878,
                        36.27856,
                        975.19
                    ],
                    [
                        -81.61877,
                        36.27806,
                        972.04
                    ],
                    [
                        -81.61878,
                        36.27795,
                        971.58
                    ],
                    [
                        -81.61884,
                        36.27775,
                        971.3
                    ],
                    [
                        -81.619,
                        36.27753,
                        971.38
                    ],
                    [
                        -81.61904,
                        36.27742,
                        971.54
                    ],
                    [
                        -81.61905,
                        36.27714,
                        972.53
                    ],
                    [
                        -81.61905,
                        36.27695,
                        972.91
                    ],
                    [
                        -81.61887,
                        36.2765,
                        971.77
                    ],
                    [
                        -81.61874,
                        36.27636,
                        970.47
                    ],
                    [
                        -81.61868,
                        36.27632,
                        970.47
                    ],
                    [
                        -81.61846,
                        36.27625,
                        969.28
                    ],
                    [
                        -81.61812,
                        36.27621,
                        968.19
                    ],
                    [
                        -81.61784,
                        36.27622,
                        967.58
                    ],
                    [
                        -81.61731,
                        36.27634,
                        964.76
                    ],
                    [
                        -81.61708,
                        36.27634,
                        964.53
                    ],
                    [
                        -81.61635,
                        36.27621,
                        963.93
                    ],
                    [
                        -81.61618,
                        36.27616,
                        963.98
                    ],
                    [
                        -81.61604,
                        36.2761,
                        964.13
                    ],
                    [
                        -81.61592,
                        36.27596,
                        964.01
                    ],
                    [
                        -81.61573,
                        36.2756,
                        963.46
                    ],
                    [
                        -81.61552,
                        36.27539,
                        962.38
                    ],
                    [
                        -81.61538,
                        36.27527,
                        962.1
                    ],
                    [
                        -81.6152,
                        36.27521,
                        961.87
                    ],
                    [
                        -81.61464,
                        36.2751,
                        961.93
                    ],
                    [
                        -81.61453,
                        36.27506,
                        961.85
                    ],
                    [
                        -81.61431,
                        36.27496,
                        961.8
                    ],
                    [
                        -81.61416,
                        36.27482,
                        961.82
                    ],
                    [
                        -81.614,
                        36.27466,
                        961.81
                    ],
                    [
                        -81.61389,
                        36.27439,
                        961.68
                    ],
                    [
                        -81.6139,
                        36.27415,
                        960.66
                    ],
                    [
                        -81.61397,
                        36.27389,
                        959.4
                    ],
                    [
                        -81.61407,
                        36.27365,
                        958.22
                    ],
                    [
                        -81.614185,
                        36.27316,
                        957.04
                    ],
                    [
                        -81.6143,
                        36.27267,
                        956.05
                    ],
                    [
                        -81.6143,
                        36.27239,
                        955.94
                    ],
                    [
                        -81.61416,
                        36.27177,
                        955.71
                    ],
                    [
                        -81.61404,
                        36.27159,
                        955.59
                    ],
                    [
                        -81.61381,
                        36.27129,
                        954.5
                    ],
                    [
                        -81.61372,
                        36.2711,
                        953.78
                    ],
                    [
                        -81.61364,
                        36.27085,
                        951.82
                    ],
                    [
                        -81.61363,
                        36.27064,
                        951.27
                    ],
                    [
                        -81.61377,
                        36.27029,
                        951.24
                    ],
                    [
                        -81.614285,
                        36.26977,
                        951.05
                    ],
                    [
                        -81.6148,
                        36.26925,
                        953.78
                    ],
                    [
                        -81.61502,
                        36.26916,
                        954.95
                    ],
                    [
                        -81.61596,
                        36.269,
                        962.68
                    ],
                    [
                        -81.61654,
                        36.269,
                        965.31
                    ],
                    [
                        -81.61703,
                        36.26892,
                        966.19
                    ],
                    [
                        -81.61784,
                        36.26882,
                        967.68
                    ],
                    [
                        -81.61807,
                        36.26875,
                        968.18
                    ],
                    [
                        -81.61824,
                        36.26867,
                        968.33
                    ],
                    [
                        -81.61838,
                        36.26856,
                        968.53
                    ],
                    [
                        -81.61851,
                        36.26835,
                        969.44
                    ],
                    [
                        -81.61851,
                        36.2682,
                        970.35
                    ],
                    [
                        -81.61847,
                        36.26808,
                        971.1
                    ],
                    [
                        -81.61841,
                        36.26795,
                        973.06
                    ],
                    [
                        -81.61836,
                        36.2679,
                        973.06
                    ],
                    [
                        -81.6184,
                        36.26794,
                        972.71
                    ],
                    [
                        -81.617935,
                        36.267495,
                        979.07
                    ],
                    [
                        -81.61747,
                        36.26705,
                        983.57
                    ],
                    [
                        -81.61677,
                        36.26659,
                        987.42
                    ],
                    [
                        -81.61618,
                        36.26635,
                        990.77
                    ],
                    [
                        -81.61533,
                        36.26606,
                        990.25
                    ],
                    [
                        -81.61448,
                        36.26577,
                        989.81
                    ],
                    [
                        -81.6144,
                        36.2657,
                        989.55
                    ],
                    [
                        -81.61438,
                        36.26564,
                        989.55
                    ],
                    [
                        -81.61384,
                        36.26552,
                        990.46
                    ],
                    [
                        -81.61385,
                        36.26544,
                        990.46
                    ],
                    [
                        -81.6138,
                        36.26538,
                        990.46
                    ],
                    [
                        -81.61305,
                        36.26483,
                        994.07
                    ],
                    [
                        -81.61251,
                        36.26417,
                        993.74
                    ],
                    [
                        -81.61237,
                        36.2639,
                        991.66
                    ],
                    [
                        -81.61229,
                        36.26358,
                        991.52
                    ],
                    [
                        -81.61233,
                        36.26339,
                        993.57
                    ],
                    [
                        -81.61238,
                        36.2632,
                        995.62
                    ],
                    [
                        -81.61256,
                        36.26292,
                        1001.68
                    ],
                    [
                        -81.6126,
                        36.26275,
                        1003.98
                    ],
                    [
                        -81.6126,
                        36.26267,
                        1004.94
                    ],
                    [
                        -81.61255,
                        36.26252,
                        1006.17
                    ],
                    [
                        -81.6125,
                        36.26243,
                        1006.91
                    ],
                    [
                        -81.61221,
                        36.26214,
                        1009.81
                    ],
                    [
                        -81.61215,
                        36.26202,
                        1010.62
                    ],
                    [
                        -81.61202,
                        36.26175,
                        1014.19
                    ],
                    [
                        -81.61193,
                        36.2615,
                        1017.06
                    ],
                    [
                        -81.61175,
                        36.26118,
                        1020.27
                    ],
                    [
                        -81.61171,
                        36.26103,
                        1021.62
                    ],
                    [
                        -81.61171,
                        36.26092,
                        1022.32
                    ],
                    [
                        -81.61174,
                        36.26087,
                        1023.09
                    ],
                    [
                        -81.61194,
                        36.26051,
                        1027.94
                    ],
                    [
                        -81.61202,
                        36.2603,
                        1028.92
                    ],
                    [
                        -81.61202,
                        36.26008,
                        1031.01
                    ],
                    [
                        -81.61193,
                        36.25987,
                        1032.39
                    ],
                    [
                        -81.61184,
                        36.25977,
                        1033.12
                    ],
                    [
                        -81.61176,
                        36.25972,
                        1033.12
                    ],
                    [
                        -81.61091,
                        36.25934,
                        1035.49
                    ],
                    [
                        -81.6105,
                        36.25897,
                        1040.22
                    ],
                    [
                        -81.61032,
                        36.25887,
                        1041.55
                    ],
                    [
                        -81.61,
                        36.25876,
                        1044.64
                    ],
                    [
                        -81.6092,
                        36.25858,
                        1042.89
                    ],
                    [
                        -81.608595,
                        36.258485,
                        1038.6
                    ],
                    [
                        -81.60799,
                        36.25839,
                        1037.28
                    ],
                    [
                        -81.60771,
                        36.25838,
                        1037.23
                    ],
                    [
                        -81.607065,
                        36.2584,
                        1038.01
                    ],
                    [
                        -81.60642,
                        36.25842,
                        1042.03
                    ],
                    [
                        -81.60616,
                        36.25837,
                        1042.7
                    ],
                    [
                        -81.60571,
                        36.25817,
                        1040.9
                    ],
                    [
                        -81.60509,
                        36.25779,
                        1039.48
                    ],
                    [
                        -81.604525,
                        36.257475,
                        1039.42
                    ],
                    [
                        -81.60396,
                        36.25716,
                        1040.51
                    ],
                    [
                        -81.60383,
                        36.25704,
                        1041.47
                    ],
                    [
                        -81.60374,
                        36.25689,
                        1042.49
                    ],
                    [
                        -81.60365,
                        36.25671,
                        1043.41
                    ],
                    [
                        -81.603475,
                        36.256235,
                        1045.41
                    ],
                    [
                        -81.6033,
                        36.25576,
                        1042.46
                    ],
                    [
                        -81.60316,
                        36.25515,
                        1033.66
                    ],
                    [
                        -81.60312,
                        36.25483,
                        1029.85
                    ],
                    [
                        -81.60312,
                        36.25465,
                        1028.62
                    ],
                    [
                        -81.60331,
                        36.25422,
                        1027.99
                    ],
                    [
                        -81.60334,
                        36.25409,
                        1028.57
                    ],
                    [
                        -81.60333,
                        36.25396,
                        1029.91
                    ],
                    [
                        -81.60325,
                        36.25383,
                        1031.8
                    ],
                    [
                        -81.60302,
                        36.25365,
                        1037.62
                    ],
                    [
                        -81.60275,
                        36.25347,
                        1040.81
                    ],
                    [
                        -81.60265,
                        36.25342,
                        1041.33
                    ],
                    [
                        -81.60172,
                        36.25308,
                        1043.43
                    ],
                    [
                        -81.60095,
                        36.25274,
                        1040.48
                    ],
                    [
                        -81.60044,
                        36.252545,
                        1040.67
                    ],
                    [
                        -81.59993,
                        36.25235,
                        1042.33
                    ],
                    [
                        -81.59975,
                        36.25221,
                        1043.11
                    ],
                    [
                        -81.59956,
                        36.25197,
                        1043.85
                    ],
                    [
                        -81.59964,
                        36.25207,
                        1043.54
                    ],
                    [
                        -81.59975,
                        36.25221,
                        1043.11
                    ],
                    [
                        -81.59993,
                        36.25235,
                        1042.33
                    ],
                    [
                        -81.600475,
                        36.25256,
                        1040.5
                    ],
                    [
                        -81.60102,
                        36.25277,
                        1040.9
                    ],
                    [
                        -81.60008,
                        36.25241,
                        1041.23
                    ],
                    [
                        -81.60014,
                        36.25168,
                        1032.77
                    ],
                    [
                        -81.6002,
                        36.25095,
                        1026.3
                    ],
                    [
                        -81.60028,
                        36.25071,
                        1022.6
                    ],
                    [
                        -81.60043,
                        36.25047,
                        1019.77
                    ],
                    [
                        -81.60085,
                        36.250125,
                        1015.37
                    ],
                    [
                        -81.60127,
                        36.24978,
                        1011.32
                    ],
                    [
                        -81.60166,
                        36.24935,
                        1006.49
                    ],
                    [
                        -81.60186,
                        36.24918,
                        1004.29
                    ],
                    [
                        -81.60208,
                        36.24887,
                        1001.02
                    ],
                    [
                        -81.60226,
                        36.24844,
                        998.08
                    ],
                    [
                        -81.60239,
                        36.24805,
                        995.95
                    ],
                    [
                        -81.602525,
                        36.247555,
                        994.18
                    ],
                    [
                        -81.60266,
                        36.24706,
                        988.84
                    ],
                    [
                        -81.6028,
                        36.246465,
                        985.17
                    ],
                    [
                        -81.60294,
                        36.24587,
                        985.26
                    ],
                    [
                        -81.60293,
                        36.24539,
                        989.26
                    ],
                    [
                        -81.60283,
                        36.24506,
                        990.88
                    ],
                    [
                        -81.60254,
                        36.24453,
                        989.87
                    ],
                    [
                        -81.60256,
                        36.24456,
                        989.99
                    ],
                    [
                        -81.601985,
                        36.243925,
                        981.56
                    ],
                    [
                        -81.60141,
                        36.24329,
                        975.3
                    ],
                    [
                        -81.60123,
                        36.24319,
                        972.42
                    ],
                    [
                        -81.60077,
                        36.24308,
                        969.68
                    ],
                    [
                        -81.60038,
                        36.24306,
                        967.31
                    ],
                    [
                        -81.60028,
                        36.24309,
                        966.25
                    ],
                    [
                        -81.6002,
                        36.24314,
                        965.63
                    ],
                    [
                        -81.60016,
                        36.24322,
                        964.25
                    ],
                    [
                        -81.60016,
                        36.24346,
                        959.88
                    ],
                    [
                        -81.60007,
                        36.24366,
                        957.18
                    ],
                    [
                        -81.59993,
                        36.24377,
                        956.19
                    ],
                    [
                        -81.59988,
                        36.24387,
                        955.52
                    ],
                    [
                        -81.5998,
                        36.24406,
                        955.17
                    ],
                    [
                        -81.59997,
                        36.24463,
                        953.14
                    ],
                    [
                        -81.60015,
                        36.24503,
                        952.29
                    ],
                    [
                        -81.60038,
                        36.24534,
                        952.38
                    ],
                    [
                        -81.60074,
                        36.24558,
                        953.8
                    ],
                    [
                        -81.60122,
                        36.24579,
                        955.85
                    ],
                    [
                        -81.60133,
                        36.24589,
                        956.25
                    ],
                    [
                        -81.60137,
                        36.24597,
                        956.6
                    ],
                    [
                        -81.60133,
                        36.24605,
                        956.86
                    ],
                    [
                        -81.6011,
                        36.24621,
                        957.11
                    ],
                    [
                        -81.60101,
                        36.24632,
                        957.42
                    ],
                    [
                        -81.60101,
                        36.24638,
                        957.42
                    ],
                    [
                        -81.60083,
                        36.24677,
                        957.7
                    ],
                    [
                        -81.60078,
                        36.2468,
                        957.7
                    ],
                    [
                        -81.60065,
                        36.24685,
                        957.3
                    ],
                    [
                        -81.60056,
                        36.24683,
                        956.9
                    ],
                    [
                        -81.60012,
                        36.24644,
                        952.47
                    ],
                    [
                        -81.60003,
                        36.24638,
                        952.47
                    ],
                    [
                        -81.59992,
                        36.24636,
                        951.78
                    ],
                    [
                        -81.59975,
                        36.24637,
                        950.59
                    ],
                    [
                        -81.59953,
                        36.24648,
                        948.85
                    ],
                    [
                        -81.59895,
                        36.24687,
                        944.98
                    ],
                    [
                        -81.59882,
                        36.24688,
                        943.1
                    ],
                    [
                        -81.59851,
                        36.24682,
                        941.71
                    ],
                    [
                        -81.59832,
                        36.24681,
                        941.71
                    ],
                    [
                        -81.59774,
                        36.24691,
                        938.13
                    ],
                    [
                        -81.59738,
                        36.24694,
                        936.73
                    ],
                    [
                        -81.59666,
                        36.24687,
                        933.24
                    ],
                    [
                        -81.596,
                        36.24677,
                        930.98
                    ],
                    [
                        -81.59558,
                        36.24667,
                        929.25
                    ],
                    [
                        -81.59554,
                        36.24666,
                        929.17
                    ],
                    [
                        -81.59495,
                        36.24645,
                        928.19
                    ],
                    [
                        -81.59482,
                        36.24636,
                        928.19
                    ],
                    [
                        -81.59478,
                        36.24629,
                        928.16
                    ],
                    [
                        -81.594715,
                        36.24579,
                        926.36
                    ],
                    [
                        -81.59465,
                        36.24529,
                        926.54
                    ],
                    [
                        -81.59456,
                        36.24489,
                        926.23
                    ],
                    [
                        -81.59447,
                        36.24415,
                        923.89
                    ],
                    [
                        -81.59438,
                        36.24385,
                        923.16
                    ],
                    [
                        -81.59415,
                        36.24331,
                        923.35
                    ],
                    [
                        -81.59398,
                        36.24311,
                        923.93
                    ],
                    [
                        -81.59366,
                        36.24287,
                        926.24
                    ],
                    [
                        -81.5933,
                        36.24245,
                        930.57
                    ],
                    [
                        -81.59285,
                        36.24209,
                        934.23
                    ],
                    [
                        -81.59277,
                        36.24198,
                        935.91
                    ],
                    [
                        -81.59274,
                        36.24187,
                        936.94
                    ],
                    [
                        -81.59275,
                        36.24184,
                        937.19
                    ],
                    [
                        -81.59282,
                        36.24173,
                        938.89
                    ],
                    [
                        -81.59294,
                        36.24168,
                        939.79
                    ],
                    [
                        -81.59308,
                        36.24167,
                        940.56
                    ],
                    [
                        -81.59366,
                        36.24175,
                        942.66
                    ],
                    [
                        -81.59443,
                        36.24197,
                        943.45
                    ],
                    [
                        -81.59469,
                        36.24197,
                        943.83
                    ],
                    [
                        -81.59492,
                        36.24191,
                        944.36
                    ],
                    [
                        -81.59514,
                        36.24179,
                        945.37
                    ],
                    [
                        -81.59528,
                        36.24169,
                        946.86
                    ],
                    [
                        -81.59536,
                        36.24159,
                        947.7
                    ],
                    [
                        -81.59537,
                        36.24146,
                        948.19
                    ],
                    [
                        -81.59536,
                        36.24136,
                        948.59
                    ],
                    [
                        -81.59528,
                        36.24127,
                        949.08
                    ],
                    [
                        -81.59474,
                        36.24087,
                        950.01
                    ],
                    [
                        -81.59456,
                        36.24079,
                        950.63
                    ],
                    [
                        -81.59429,
                        36.24071,
                        951.28
                    ],
                    [
                        -81.59335,
                        36.24062,
                        954.48
                    ],
                    [
                        -81.59317,
                        36.24052,
                        955.02
                    ],
                    [
                        -81.59307,
                        36.2404,
                        957.33
                    ],
                    [
                        -81.59285,
                        36.23966,
                        959.81
                    ],
                    [
                        -81.59281,
                        36.23937,
                        960.73
                    ],
                    [
                        -81.59281,
                        36.23917,
                        960.89
                    ],
                    [
                        -81.59286,
                        36.23902,
                        960.93
                    ],
                    [
                        -81.59295,
                        36.23887,
                        960.71
                    ],
                    [
                        -81.59316,
                        36.2387,
                        959.97
                    ],
                    [
                        -81.59335,
                        36.23861,
                        959.63
                    ],
                    [
                        -81.59354,
                        36.23858,
                        959.56
                    ],
                    [
                        -81.59383,
                        36.2386,
                        959.71
                    ],
                    [
                        -81.59411,
                        36.23865,
                        959.77
                    ],
                    [
                        -81.59451,
                        36.23868,
                        959.71
                    ],
                    [
                        -81.59514,
                        36.23861,
                        960.08
                    ],
                    [
                        -81.59545,
                        36.23854,
                        960.41
                    ],
                    [
                        -81.59558,
                        36.23846,
                        960.68
                    ],
                    [
                        -81.59568,
                        36.23828,
                        960.88
                    ],
                    [
                        -81.59571,
                        36.23818,
                        961.19
                    ],
                    [
                        -81.59572,
                        36.23759,
                        962.53
                    ],
                    [
                        -81.59577,
                        36.23745,
                        963.1
                    ],
                    [
                        -81.59589,
                        36.2373,
                        964.21
                    ],
                    [
                        -81.5967,
                        36.23686,
                        968.4
                    ],
                    [
                        -81.59684,
                        36.23678,
                        968.72
                    ],
                    [
                        -81.59697,
                        36.23668,
                        969.14
                    ],
                    [
                        -81.59733,
                        36.23619,
                        969.25
                    ],
                    [
                        -81.59756,
                        36.23591,
                        968.75
                    ],
                    [
                        -81.59764,
                        36.23577,
                        968.33
                    ],
                    [
                        -81.59768,
                        36.2354,
                        967.74
                    ],
                    [
                        -81.59774,
                        36.23518,
                        967.13
                    ],
                    [
                        -81.59783,
                        36.23497,
                        967.05
                    ],
                    [
                        -81.59821,
                        36.23452,
                        967.54
                    ],
                    [
                        -81.59872,
                        36.23411,
                        968.24
                    ],
                    [
                        -81.59885,
                        36.23397,
                        968.44
                    ],
                    [
                        -81.59904,
                        36.2334,
                        970.01
                    ],
                    [
                        -81.59916,
                        36.23319,
                        970.86
                    ],
                    [
                        -81.59926,
                        36.23304,
                        971.55
                    ],
                    [
                        -81.59966,
                        36.23268,
                        972.67
                    ],
                    [
                        -81.5998,
                        36.23242,
                        973.11
                    ],
                    [
                        -81.5998,
                        36.23237,
                        973.11
                    ],
                    [
                        -81.5998,
                        36.23241,
                        973.09
                    ],
                    [
                        -81.59983,
                        36.23204,
                        973.15
                    ],
                    [
                        -81.5998,
                        36.2318,
                        973.24
                    ],
                    [
                        -81.59971,
                        36.23165,
                        973.45
                    ],
                    [
                        -81.59954,
                        36.23151,
                        973.85
                    ],
                    [
                        -81.59875,
                        36.23107,
                        975.34
                    ],
                    [
                        -81.59841,
                        36.23091,
                        977.79
                    ],
                    [
                        -81.59778,
                        36.23071,
                        981.53
                    ],
                    [
                        -81.5972,
                        36.23059,
                        988.89
                    ],
                    [
                        -81.59662,
                        36.23047,
                        990.98
                    ],
                    [
                        -81.5964,
                        36.2304,
                        994.22
                    ],
                    [
                        -81.59626,
                        36.23031,
                        994.22
                    ],
                    [
                        -81.59607,
                        36.23012,
                        997.51
                    ],
                    [
                        -81.59609,
                        36.2301,
                        997.6
                    ],
                    [
                        -81.59706,
                        36.229769,
                        997.29
                    ],
                    [
                        -81.59803,
                        36.229438,
                        999.23
                    ],
                    [
                        -81.599,
                        36.229107,
                        1003.29
                    ],
                    [
                        -81.59997,
                        36.228776,
                        1007.06
                    ],
                    [
                        -81.60094,
                        36.228445,
                        1009.76
                    ],
                    [
                        -81.60191,
                        36.228114,
                        1012.57
                    ],
                    [
                        -81.60288,
                        36.227783,
                        1013.55
                    ],
                    [
                        -81.60385,
                        36.227452,
                        1013.32
                    ],
                    [
                        -81.60482,
                        36.227121,
                        1012.22
                    ],
                    [
                        -81.60579,
                        36.22679,
                        1010.69
                    ],
                    [
                        -81.60649,
                        36.22656,
                        1008.78
                    ],
                    [
                        -81.60719,
                        36.22633,
                        1006.31
                    ],
                    [
                        -81.607992,
                        36.22652,
                        1002.59
                    ],
                    [
                        -81.608795,
                        36.22671,
                        1000.66
                    ],
                    [
                        -81.609597,
                        36.2269,
                        998.18
                    ],
                    [
                        -81.6104,
                        36.22709,
                        996.26
                    ],
                    [
                        -81.61047,
                        36.22687,
                        996.02
                    ],
                    [
                        -81.61087,
                        36.22697,
                        995.36
                    ]
                ]
            }
        },
        {
            "type": "Feature",
            "properties": {
                "name": "Food Lion Parking Lot"
            },
            "geometry": {
                "type": "Point",
                "coordinates": [
                    -81.611127,
                    36.226949
                ]
            }
        }
    ]
}