{
    "type": "FeatureCollection",
    "features": [
        {
            "type": "Feature",
            "properties": {
                "_gpxType": "trk",
                "name": "Wednesday Night Group Ride",
                "Description": "25.4 Miles, 2245 Feet of elevation gain.",
                "type": "cycling",
                "links": [
                    {
                        "href": "https://www.strava.com/routes/3540772139750661604"
                    }
                ],
                "coordinateProperties": {}
            },
            "geometry": {
                "type": "LineString",
                "coordinates": [
                    [
                        -81.67085,
                        36.20105,
                        958.75
                    ],
                    [
                        -81.67038,
                        36.20099,
                        957.13
                    ],
                    [
                        -81.67048,
                        36.20024,
                        957.09
                    ],
                    [
                        -81.67048,
                        36.19983,
                        957.19
                    ],
                    [
                        -81.67045,
                        36.19947,
                        957.72
                    ],
                    [
                        -81.6704,
                        36.19927,
                        957.81
                    ],
                    [
                        -81.67031,
                        36.19917,
                        957.81
                    ],
                    [
                        -81.67017,
                        36.19906,
                        958.1
                    ],
                    [
                        -81.66995,
                        36.19896,
                        958.18
                    ],
                    [
                        -81.66907,
                        36.19874,
                        956.54
                    ],
                    [
                        -81.668067,
                        36.19851,
                        955.49
                    ],
                    [
                        -81.667063,
                        36.19828,
                        954.77
                    ],
                    [
                        -81.66606,
                        36.19805,
                        954.1
                    ],
                    [
                        -81.6658,
                        36.19802,
                        954.04
                    ],
                    [
                        -81.66499,
                        36.198013,
                        953.22
                    ],
                    [
                        -81.66418,
                        36.198007,
                        952.36
                    ],
                    [
                        -81.66337,
                        36.198,
                        952.06
                    ],
                    [
                        -81.663395,
                        36.19753,
                        953.27
                    ],
                    [
                        -81.66342,
                        36.19706,
                        954.09
                    ],
                    [
                        -81.66328,
                        36.19679,
                        954.08
                    ],
                    [
                        -81.66315,
                        36.19667,
                        954.54
                    ],
                    [
                        -81.66297,
                        36.1966,
                        955.67
                    ],
                    [
                        -81.66278,
                        36.19655,
                        955.67
                    ],
                    [
                        -81.66234,
                        36.1965,
                        956.82
                    ],
                    [
                        -81.661265,
                        36.196335,
                        958.99
                    ],
                    [
                        -81.66019,
                        36.19617,
                        960.58
                    ],
                    [
                        -81.65948,
                        36.196125,
                        962.7
                    ],
                    [
                        -81.65877,
                        36.19608,
                        964.79
                    ],
                    [
                        -81.65811,
                        36.19587,
                        966.74
                    ],
                    [
                        -81.65755,
                        36.19567,
                        967.68
                    ],
                    [
                        -81.65683,
                        36.195295,
                        969.96
                    ],
                    [
                        -81.65611,
                        36.19492,
                        970.08
                    ],
                    [
                        -81.6559,
                        36.19487,
                        969.97
                    ],
                    [
                        -81.65571,
                        36.19485,
                        969.97
                    ],
                    [
                        -81.6551,
                        36.19495,
                        969.5
                    ],
                    [
                        -81.65491,
                        36.19496,
                        969.47
                    ],
                    [
                        -81.65469,
                        36.19493,
                        969.61
                    ],
                    [
                        -81.65367,
                        36.19457,
                        969.14
                    ],
                    [
                        -81.6532,
                        36.19447,
                        968.17
                    ],
                    [
                        -81.65299,
                        36.19446,
                        967.44
                    ],
                    [
                        -81.65286,
                        36.19447,
                        966.74
                    ],
                    [
                        -81.65277,
                        36.19451,
                        965.6
                    ],
                    [
                        -81.65275,
                        36.19456,
                        965.6
                    ],
                    [
                        -81.65266,
                        36.19483,
                        963.94
                    ],
                    [
                        -81.65258,
                        36.19488,
                        963.75
                    ],
                    [
                        -81.65246,
                        36.19492,
                        963.28
                    ],
                    [
                        -81.65235,
                        36.19454,
                        962.08
                    ],
                    [
                        -81.65227,
                        36.19412,
                        961.82
                    ],
                    [
                        -81.65227,
                        36.19371,
                        962.21
                    ],
                    [
                        -81.65236,
                        36.19334,
                        963.37
                    ],
                    [
                        -81.65246,
                        36.19308,
                        964.15
                    ],
                    [
                        -81.65223,
                        36.19301,
                        964.89
                    ],
                    [
                        -81.65192,
                        36.19304,
                        965.38
                    ],
                    [
                        -81.65178,
                        36.19311,
                        965.38
                    ],
                    [
                        -81.65145,
                        36.19339,
                        963.96
                    ],
                    [
                        -81.65124,
                        36.19352,
                        963.76
                    ],
                    [
                        -81.65106,
                        36.19359,
                        964.4
                    ],
                    [
                        -81.65084,
                        36.19363,
                        965.27
                    ],
                    [
                        -81.65012,
                        36.19363,
                        965.46
                    ],
                    [
                        -81.64963,
                        36.19374,
                        963.09
                    ],
                    [
                        -81.64953,
                        36.19375,
                        962.69
                    ],
                    [
                        -81.64929,
                        36.19374,
                        962.33
                    ],
                    [
                        -81.64896,
                        36.19365,
                        962.83
                    ],
                    [
                        -81.64878,
                        36.19359,
                        963.5
                    ],
                    [
                        -81.64847,
                        36.19342,
                        965.59
                    ],
                    [
                        -81.64819,
                        36.19319,
                        969.34
                    ],
                    [
                        -81.64761,
                        36.19257,
                        973.41
                    ],
                    [
                        -81.64744,
                        36.19242,
                        975.14
                    ],
                    [
                        -81.6473,
                        36.19234,
                        976.32
                    ],
                    [
                        -81.64712,
                        36.19232,
                        977.97
                    ],
                    [
                        -81.64667,
                        36.19234,
                        984.33
                    ],
                    [
                        -81.64636,
                        36.19232,
                        987.58
                    ],
                    [
                        -81.64609,
                        36.19228,
                        988.68
                    ],
                    [
                        -81.64578,
                        36.1922,
                        990.32
                    ],
                    [
                        -81.64502,
                        36.19176,
                        992.88
                    ],
                    [
                        -81.64488,
                        36.1917,
                        992.48
                    ],
                    [
                        -81.64478,
                        36.19169,
                        992.23
                    ],
                    [
                        -81.64416,
                        36.19174,
                        986.18
                    ],
                    [
                        -81.64375,
                        36.19181,
                        982.8
                    ],
                    [
                        -81.64354,
                        36.19181,
                        980.77
                    ],
                    [
                        -81.64341,
                        36.19177,
                        980.02
                    ],
                    [
                        -81.64337,
                        36.19168,
                        978.83
                    ],
                    [
                        -81.64337,
                        36.19156,
                        978.08
                    ],
                    [
                        -81.64353,
                        36.19117,
                        976.96
                    ],
                    [
                        -81.64363,
                        36.19079,
                        980.49
                    ],
                    [
                        -81.64368,
                        36.19063,
                        981.62
                    ],
                    [
                        -81.64367,
                        36.19051,
                        982.81
                    ],
                    [
                        -81.64359,
                        36.19046,
                        982.81
                    ],
                    [
                        -81.64353,
                        36.19045,
                        982.81
                    ],
                    [
                        -81.6436,
                        36.19046,
                        982.48
                    ],
                    [
                        -81.64354,
                        36.19045,
                        982.48
                    ],
                    [
                        -81.6434,
                        36.19047,
                        983.53
                    ],
                    [
                        -81.64301,
                        36.19068,
                        988.03
                    ],
                    [
                        -81.64274,
                        36.19075,
                        991.15
                    ],
                    [
                        -81.64232,
                        36.19092,
                        995.15
                    ],
                    [
                        -81.64206,
                        36.19094,
                        997.32
                    ],
                    [
                        -81.64135,
                        36.19087,
                        1001.91
                    ],
                    [
                        -81.64085,
                        36.19086,
                        1001.07
                    ],
                    [
                        -81.64014,
                        36.19091,
                        996.91
                    ],
                    [
                        -81.63969,
                        36.19089,
                        990.11
                    ],
                    [
                        -81.63911,
                        36.19079,
                        985.87
                    ],
                    [
                        -81.63812,
                        36.19053,
                        980.49
                    ],
                    [
                        -81.63785,
                        36.19051,
                        979.26
                    ],
                    [
                        -81.63776,
                        36.19053,
                        978.31
                    ],
                    [
                        -81.63763,
                        36.19061,
                        976.54
                    ],
                    [
                        -81.63755,
                        36.19071,
                        973.99
                    ],
                    [
                        -81.63754,
                        36.19085,
                        972.79
                    ],
                    [
                        -81.63754,
                        36.19094,
                        972.79
                    ],
                    [
                        -81.63763,
                        36.19109,
                        969.57
                    ],
                    [
                        -81.63793,
                        36.19155,
                        964.75
                    ],
                    [
                        -81.63801,
                        36.19165,
                        964.08
                    ],
                    [
                        -81.63825,
                        36.1918,
                        962.95
                    ],
                    [
                        -81.63898,
                        36.19217,
                        964.75
                    ],
                    [
                        -81.63911,
                        36.19228,
                        965.05
                    ],
                    [
                        -81.63911,
                        36.19234,
                        964.85
                    ],
                    [
                        -81.63877,
                        36.192815,
                        958.29
                    ],
                    [
                        -81.63843,
                        36.19329,
                        954.75
                    ],
                    [
                        -81.63785,
                        36.193075,
                        954.36
                    ],
                    [
                        -81.63727,
                        36.19286,
                        954.95
                    ],
                    [
                        -81.63633,
                        36.1925,
                        955.3
                    ],
                    [
                        -81.63539,
                        36.19214,
                        955.07
                    ],
                    [
                        -81.63521,
                        36.19208,
                        955.3
                    ],
                    [
                        -81.63508,
                        36.19209,
                        955.3
                    ],
                    [
                        -81.63499,
                        36.19187,
                        955.36
                    ],
                    [
                        -81.63483,
                        36.19171,
                        955.56
                    ],
                    [
                        -81.63415,
                        36.191347,
                        956.53
                    ],
                    [
                        -81.63347,
                        36.190983,
                        960.45
                    ],
                    [
                        -81.63279,
                        36.19062,
                        964.96
                    ],
                    [
                        -81.63215,
                        36.190185,
                        965.52
                    ],
                    [
                        -81.63151,
                        36.18975,
                        964.03
                    ],
                    [
                        -81.63109,
                        36.18942,
                        963.25
                    ],
                    [
                        -81.63067,
                        36.18909,
                        962.13
                    ],
                    [
                        -81.63006,
                        36.18859,
                        961.22
                    ],
                    [
                        -81.62921,
                        36.188115,
                        960.14
                    ],
                    [
                        -81.62836,
                        36.18764,
                        960.17
                    ],
                    [
                        -81.62791,
                        36.18746,
                        960.07
                    ],
                    [
                        -81.62702,
                        36.18723,
                        961.03
                    ],
                    [
                        -81.62621,
                        36.18696,
                        963.7
                    ],
                    [
                        -81.62561,
                        36.18681,
                        964.38
                    ],
                    [
                        -81.62501,
                        36.18666,
                        964.51
                    ],
                    [
                        -81.62414,
                        36.1864,
                        964.14
                    ],
                    [
                        -81.62335,
                        36.18614,
                        965.93
                    ],
                    [
                        -81.62278,
                        36.18582,
                        966.9
                    ],
                    [
                        -81.62245,
                        36.18559,
                        967.72
                    ],
                    [
                        -81.62205,
                        36.18525,
                        968.46
                    ],
                    [
                        -81.62182,
                        36.1851,
                        968.61
                    ],
                    [
                        -81.62168,
                        36.18505,
                        968.86
                    ],
                    [
                        -81.62138,
                        36.18499,
                        968.95
                    ],
                    [
                        -81.62084,
                        36.18493,
                        968.61
                    ],
                    [
                        -81.620035,
                        36.18491,
                        968.62
                    ],
                    [
                        -81.61923,
                        36.18489,
                        969.49
                    ],
                    [
                        -81.6182,
                        36.18467,
                        970.4
                    ],
                    [
                        -81.61733,
                        36.18461,
                        971.3
                    ],
                    [
                        -81.61698,
                        36.18451,
                        971.21
                    ],
                    [
                        -81.61619,
                        36.18413,
                        973.31
                    ],
                    [
                        -81.61519,
                        36.1838,
                        977.39
                    ],
                    [
                        -81.61457,
                        36.18354,
                        978.61
                    ],
                    [
                        -81.61417,
                        36.18343,
                        979.85
                    ],
                    [
                        -81.61336,
                        36.18332,
                        981.54
                    ],
                    [
                        -81.6126,
                        36.183275,
                        980.11
                    ],
                    [
                        -81.61184,
                        36.18323,
                        979.39
                    ],
                    [
                        -81.61152,
                        36.18323,
                        979.37
                    ],
                    [
                        -81.61123,
                        36.18325,
                        979.46
                    ],
                    [
                        -81.61104,
                        36.18328,
                        979.63
                    ],
                    [
                        -81.61088,
                        36.18335,
                        979.63
                    ],
                    [
                        -81.61073,
                        36.18345,
                        980.1
                    ],
                    [
                        -81.61035,
                        36.18377,
                        981.6
                    ],
                    [
                        -81.61033,
                        36.18378,
                        981.77
                    ],
                    [
                        -81.61032,
                        36.1835,
                        985.93
                    ],
                    [
                        -81.61027,
                        36.18328,
                        989.75
                    ],
                    [
                        -81.610065,
                        36.18275,
                        993.76
                    ],
                    [
                        -81.60986,
                        36.18222,
                        1000.51
                    ],
                    [
                        -81.60978,
                        36.18208,
                        1001.45
                    ],
                    [
                        -81.60969,
                        36.18198,
                        1002.59
                    ],
                    [
                        -81.60947,
                        36.18179,
                        1004.38
                    ],
                    [
                        -81.60898,
                        36.1815,
                        1007.35
                    ],
                    [
                        -81.60871,
                        36.18114,
                        1011.32
                    ],
                    [
                        -81.60857,
                        36.18103,
                        1011.96
                    ],
                    [
                        -81.60844,
                        36.18096,
                        1012.82
                    ],
                    [
                        -81.60817,
                        36.18088,
                        1013.9
                    ],
                    [
                        -81.60736,
                        36.18078,
                        1014.25
                    ],
                    [
                        -81.60692,
                        36.18069,
                        1013.85
                    ],
                    [
                        -81.60638,
                        36.18048,
                        1013.75
                    ],
                    [
                        -81.60624,
                        36.1804,
                        1013.9
                    ],
                    [
                        -81.60607,
                        36.18026,
                        1014.06
                    ],
                    [
                        -81.60562,
                        36.17983,
                        1015.23
                    ],
                    [
                        -81.60539,
                        36.17966,
                        1016.3
                    ],
                    [
                        -81.60522,
                        36.17952,
                        1016.85
                    ],
                    [
                        -81.60499,
                        36.17923,
                        1017.4
                    ],
                    [
                        -81.60485,
                        36.179,
                        1017.79
                    ],
                    [
                        -81.60477,
                        36.17879,
                        1018.17
                    ],
                    [
                        -81.60472,
                        36.17825,
                        1019.71
                    ],
                    [
                        -81.60468,
                        36.17811,
                        1021.82
                    ],
                    [
                        -81.60442,
                        36.17777,
                        1021.82
                    ],
                    [
                        -81.60432,
                        36.1776,
                        1023.7
                    ],
                    [
                        -81.604115,
                        36.177135,
                        1025.44
                    ],
                    [
                        -81.60391,
                        36.17667,
                        1029.44
                    ],
                    [
                        -81.60379,
                        36.17652,
                        1030.45
                    ],
                    [
                        -81.60364,
                        36.17636,
                        1031.22
                    ],
                    [
                        -81.60333,
                        36.17615,
                        1033.19
                    ],
                    [
                        -81.60262,
                        36.17584,
                        1034.49
                    ],
                    [
                        -81.60226,
                        36.17571,
                        1035.03
                    ],
                    [
                        -81.60191,
                        36.17562,
                        1035.76
                    ],
                    [
                        -81.60163,
                        36.17557,
                        1035.76
                    ],
                    [
                        -81.6014,
                        36.1755,
                        1036.2
                    ],
                    [
                        -81.60095,
                        36.17528,
                        1037.09
                    ],
                    [
                        -81.60019,
                        36.17496,
                        1037.64
                    ],
                    [
                        -81.59957,
                        36.17463,
                        1038.92
                    ],
                    [
                        -81.59918,
                        36.17439,
                        1040.1
                    ],
                    [
                        -81.59907,
                        36.17429,
                        1040.14
                    ],
                    [
                        -81.59895,
                        36.17413,
                        1040.14
                    ],
                    [
                        -81.59881,
                        36.17387,
                        1040.1
                    ],
                    [
                        -81.59872,
                        36.17375,
                        1040.18
                    ],
                    [
                        -81.59854,
                        36.17359,
                        1040.65
                    ],
                    [
                        -81.59842,
                        36.17356,
                        1040.65
                    ],
                    [
                        -81.59828,
                        36.17355,
                        1041.35
                    ],
                    [
                        -81.59778,
                        36.17361,
                        1042.41
                    ],
                    [
                        -81.59765,
                        36.17359,
                        1043.06
                    ],
                    [
                        -81.59755,
                        36.17354,
                        1043.06
                    ],
                    [
                        -81.59747,
                        36.17337,
                        1043.67
                    ],
                    [
                        -81.59732,
                        36.17285,
                        1047.03
                    ],
                    [
                        -81.59729,
                        36.17271,
                        1047.6
                    ],
                    [
                        -81.59729,
                        36.17249,
                        1048.64
                    ],
                    [
                        -81.59734,
                        36.17239,
                        1049.19
                    ],
                    [
                        -81.59742,
                        36.1723,
                        1049.67
                    ],
                    [
                        -81.59751,
                        36.17225,
                        1049.93
                    ],
                    [
                        -81.59765,
                        36.17222,
                        1049.93
                    ],
                    [
                        -81.59778,
                        36.17224,
                        1050.4
                    ],
                    [
                        -81.59788,
                        36.17229,
                        1050.71
                    ],
                    [
                        -81.59813,
                        36.17247,
                        1051.64
                    ],
                    [
                        -81.59828,
                        36.17253,
                        1052.27
                    ],
                    [
                        -81.5984,
                        36.17255,
                        1052.61
                    ],
                    [
                        -81.599147,
                        36.17251,
                        1056.3
                    ],
                    [
                        -81.599893,
                        36.17247,
                        1060.04
                    ],
                    [
                        -81.60064,
                        36.17243,
                        1062.67
                    ],
                    [
                        -81.60092,
                        36.17246,
                        1064.01
                    ],
                    [
                        -81.60133,
                        36.17258,
                        1065.84
                    ],
                    [
                        -81.60181,
                        36.17256,
                        1068.57
                    ],
                    [
                        -81.60234,
                        36.17263,
                        1071.94
                    ],
                    [
                        -81.60262,
                        36.1726,
                        1073.56
                    ],
                    [
                        -81.60294,
                        36.17252,
                        1075.33
                    ],
                    [
                        -81.60325,
                        36.1724,
                        1077.59
                    ],
                    [
                        -81.60347,
                        36.17228,
                        1079.69
                    ],
                    [
                        -81.60365,
                        36.17214,
                        1082.5
                    ],
                    [
                        -81.60382,
                        36.17192,
                        1085.41
                    ],
                    [
                        -81.60383,
                        36.17176,
                        1087.93
                    ],
                    [
                        -81.60379,
                        36.1716,
                        1087.93
                    ],
                    [
                        -81.6037,
                        36.1714,
                        1090.52
                    ],
                    [
                        -81.60369,
                        36.17128,
                        1092.54
                    ],
                    [
                        -81.60369,
                        36.17118,
                        1092.54
                    ],
                    [
                        -81.60386,
                        36.1711,
                        1095.62
                    ],
                    [
                        -81.60419,
                        36.17102,
                        1098.15
                    ],
                    [
                        -81.60436,
                        36.17101,
                        1098.98
                    ],
                    [
                        -81.60454,
                        36.17103,
                        1099.57
                    ],
                    [
                        -81.60499,
                        36.17114,
                        1102.65
                    ],
                    [
                        -81.60513,
                        36.17113,
                        1103.48
                    ],
                    [
                        -81.60521,
                        36.17108,
                        1103.91
                    ],
                    [
                        -81.6054,
                        36.17089,
                        1103.35
                    ],
                    [
                        -81.605755,
                        36.1705,
                        1101.84
                    ],
                    [
                        -81.60611,
                        36.17011,
                        1099.71
                    ],
                    [
                        -81.60633,
                        36.16979,
                        1096.81
                    ],
                    [
                        -81.60668,
                        36.16954,
                        1094.54
                    ],
                    [
                        -81.60709,
                        36.16897,
                        1092.64
                    ],
                    [
                        -81.6075,
                        36.1684,
                        1091.57
                    ],
                    [
                        -81.60763,
                        36.16831,
                        1091.56
                    ],
                    [
                        -81.60844,
                        36.16833,
                        1090.6
                    ],
                    [
                        -81.60865,
                        36.16839,
                        1091.36
                    ],
                    [
                        -81.60898,
                        36.1686,
                        1092.98
                    ],
                    [
                        -81.60917,
                        36.16862,
                        1093.75
                    ],
                    [
                        -81.60929,
                        36.16856,
                        1093.75
                    ],
                    [
                        -81.60941,
                        36.16842,
                        1096.39
                    ],
                    [
                        -81.60969,
                        36.16792,
                        1097.95
                    ],
                    [
                        -81.60986,
                        36.16753,
                        1100.36
                    ],
                    [
                        -81.61005,
                        36.16717,
                        1101.67
                    ],
                    [
                        -81.61049,
                        36.1667,
                        1099.71
                    ],
                    [
                        -81.610895,
                        36.166315,
                        1100.42
                    ],
                    [
                        -81.6113,
                        36.16593,
                        1103.54
                    ],
                    [
                        -81.61157,
                        36.16572,
                        1104.83
                    ],
                    [
                        -81.61211,
                        36.16537,
                        1104.56
                    ],
                    [
                        -81.6122,
                        36.16528,
                        1104.55
                    ],
                    [
                        -81.61237,
                        36.165,
                        1104.88
                    ],
                    [
                        -81.61256,
                        36.16484,
                        1104.85
                    ],
                    [
                        -81.61266,
                        36.16476,
                        1104.95
                    ],
                    [
                        -81.61283,
                        36.16468,
                        1105.77
                    ],
                    [
                        -81.61305,
                        36.16462,
                        1106.94
                    ],
                    [
                        -81.61336,
                        36.16458,
                        1108.1
                    ],
                    [
                        -81.61354,
                        36.16458,
                        1109.7
                    ],
                    [
                        -81.61421,
                        36.16472,
                        1115.75
                    ],
                    [
                        -81.61483,
                        36.16482,
                        1119.06
                    ],
                    [
                        -81.6152,
                        36.16493,
                        1120.98
                    ],
                    [
                        -81.6156,
                        36.16499,
                        1121.41
                    ],
                    [
                        -81.61596,
                        36.16499,
                        1120.42
                    ],
                    [
                        -81.61673,
                        36.16487,
                        1118.72
                    ],
                    [
                        -81.6177,
                        36.16485,
                        1122.15
                    ],
                    [
                        -81.61792,
                        36.1648,
                        1125
                    ],
                    [
                        -81.618445,
                        36.164545,
                        1128.78
                    ],
                    [
                        -81.61897,
                        36.16429,
                        1133.79
                    ],
                    [
                        -81.61918,
                        36.16417,
                        1135.57
                    ],
                    [
                        -81.61935,
                        36.16403,
                        1136.32
                    ],
                    [
                        -81.61932,
                        36.16406,
                        1136.17
                    ],
                    [
                        -81.61944,
                        36.16394,
                        1136.97
                    ],
                    [
                        -81.6199,
                        36.16315,
                        1139.08
                    ],
                    [
                        -81.61999,
                        36.16293,
                        1139.83
                    ],
                    [
                        -81.62003,
                        36.16266,
                        1140.78
                    ],
                    [
                        -81.619987,
                        36.16191,
                        1144.51
                    ],
                    [
                        -81.619943,
                        36.16116,
                        1147.28
                    ],
                    [
                        -81.6199,
                        36.16041,
                        1142.82
                    ],
                    [
                        -81.61986,
                        36.15996,
                        1138.08
                    ],
                    [
                        -81.61982,
                        36.15951,
                        1134.08
                    ],
                    [
                        -81.61994,
                        36.1593,
                        1132.13
                    ],
                    [
                        -81.62011,
                        36.15913,
                        1130.57
                    ],
                    [
                        -81.62029,
                        36.15905,
                        1129.18
                    ],
                    [
                        -81.62053,
                        36.15904,
                        1128.78
                    ],
                    [
                        -81.62053,
                        36.15935,
                        1129.87
                    ],
                    [
                        -81.62059,
                        36.159945,
                        1132.69
                    ],
                    [
                        -81.62065,
                        36.16054,
                        1134
                    ],
                    [
                        -81.62059,
                        36.159945,
                        1132.69
                    ],
                    [
                        -81.62053,
                        36.15935,
                        1129.87
                    ],
                    [
                        -81.62053,
                        36.15904,
                        1128.78
                    ],
                    [
                        -81.62038,
                        36.15904,
                        1129.33
                    ],
                    [
                        -81.62053,
                        36.15904,
                        1128.78
                    ],
                    [
                        -81.62062,
                        36.15842,
                        1124.17
                    ],
                    [
                        -81.62083,
                        36.15788,
                        1119.25
                    ],
                    [
                        -81.621133,
                        36.157293,
                        1116.59
                    ],
                    [
                        -81.621437,
                        36.156707,
                        1117.93
                    ],
                    [
                        -81.62174,
                        36.15612,
                        1123.26
                    ],
                    [
                        -81.62191,
                        36.15573,
                        1127.47
                    ],
                    [
                        -81.62204,
                        36.15538,
                        1130.91
                    ],
                    [
                        -81.62214,
                        36.15484,
                        1135.75
                    ],
                    [
                        -81.6222,
                        36.154145,
                        1139.64
                    ],
                    [
                        -81.62226,
                        36.15345,
                        1140.63
                    ],
                    [
                        -81.62237,
                        36.15301,
                        1140.22
                    ],
                    [
                        -81.62254,
                        36.15274,
                        1139.29
                    ],
                    [
                        -81.62268,
                        36.15257,
                        1138.18
                    ],
                    [
                        -81.623235,
                        36.15203,
                        1133.78
                    ],
                    [
                        -81.62379,
                        36.15149,
                        1129.08
                    ],
                    [
                        -81.62411,
                        36.15111,
                        1126.77
                    ],
                    [
                        -81.62449,
                        36.15056,
                        1124.84
                    ],
                    [
                        -81.62487,
                        36.15001,
                        1125.48
                    ],
                    [
                        -81.62518,
                        36.14962,
                        1127.24
                    ],
                    [
                        -81.6252,
                        36.1496,
                        1127.34
                    ],
                    [
                        -81.62546,
                        36.14937,
                        1128.96
                    ],
                    [
                        -81.62576,
                        36.14919,
                        1131.45
                    ],
                    [
                        -81.62613,
                        36.14901,
                        1134.05
                    ],
                    [
                        -81.62662,
                        36.14888,
                        1137.36
                    ],
                    [
                        -81.62702,
                        36.14883,
                        1140.36
                    ],
                    [
                        -81.62755,
                        36.14883,
                        1142
                    ],
                    [
                        -81.62856,
                        36.148885,
                        1146.53
                    ],
                    [
                        -81.62957,
                        36.14894,
                        1152.1
                    ],
                    [
                        -81.62988,
                        36.14893,
                        1153.26
                    ],
                    [
                        -81.63015,
                        36.14888,
                        1154.33
                    ],
                    [
                        -81.63042,
                        36.14877,
                        1155.76
                    ],
                    [
                        -81.63055,
                        36.14868,
                        1156.4
                    ],
                    [
                        -81.63068,
                        36.14854,
                        1157.62
                    ],
                    [
                        -81.63078,
                        36.14835,
                        1158
                    ],
                    [
                        -81.63082,
                        36.14821,
                        1158.82
                    ],
                    [
                        -81.63087,
                        36.14764,
                        1160.79
                    ],
                    [
                        -81.63092,
                        36.14707,
                        1161.7
                    ],
                    [
                        -81.63104,
                        36.1468,
                        1162.67
                    ],
                    [
                        -81.63114,
                        36.14662,
                        1162.97
                    ],
                    [
                        -81.63132,
                        36.14639,
                        1163.35
                    ],
                    [
                        -81.63161,
                        36.1461,
                        1164.39
                    ],
                    [
                        -81.63216,
                        36.14567,
                        1166.11
                    ],
                    [
                        -81.63271,
                        36.14524,
                        1167.17
                    ],
                    [
                        -81.63299,
                        36.14496,
                        1167.6
                    ],
                    [
                        -81.63315,
                        36.14476,
                        1167.73
                    ],
                    [
                        -81.63333,
                        36.14446,
                        1167.53
                    ],
                    [
                        -81.63347,
                        36.1439,
                        1166.91
                    ],
                    [
                        -81.63347,
                        36.14367,
                        1166.49
                    ],
                    [
                        -81.63343,
                        36.1433,
                        1164.79
                    ],
                    [
                        -81.63333,
                        36.14267,
                        1161.95
                    ],
                    [
                        -81.63333,
                        36.14246,
                        1160.19
                    ],
                    [
                        -81.63333,
                        36.14233,
                        1159.66
                    ],
                    [
                        -81.63338,
                        36.14215,
                        1158.79
                    ],
                    [
                        -81.63352,
                        36.14185,
                        1157.68
                    ],
                    [
                        -81.63369,
                        36.14167,
                        1157.39
                    ],
                    [
                        -81.63401,
                        36.14147,
                        1157.7
                    ],
                    [
                        -81.63432,
                        36.14135,
                        1158.52
                    ],
                    [
                        -81.63501,
                        36.141175,
                        1159.48
                    ],
                    [
                        -81.6357,
                        36.141,
                        1161.35
                    ],
                    [
                        -81.63607,
                        36.14084,
                        1163.4
                    ],
                    [
                        -81.63642,
                        36.1406,
                        1163.99
                    ],
                    [
                        -81.637025,
                        36.140078,
                        1166.99
                    ],
                    [
                        -81.63763,
                        36.139555,
                        1167.92
                    ],
                    [
                        -81.638235,
                        36.139033,
                        1167.72
                    ],
                    [
                        -81.63884,
                        36.13851,
                        1165.51
                    ],
                    [
                        -81.63938,
                        36.1382,
                        1161.63
                    ],
                    [
                        -81.64023,
                        36.13783,
                        1153.84
                    ],
                    [
                        -81.64053,
                        36.13768,
                        1150.78
                    ],
                    [
                        -81.64139,
                        36.13719,
                        1147.63
                    ],
                    [
                        -81.64197,
                        36.13689,
                        1148.73
                    ],
                    [
                        -81.64233,
                        36.13674,
                        1149.03
                    ],
                    [
                        -81.64283,
                        36.13655,
                        1150.5
                    ],
                    [
                        -81.6436,
                        36.13632,
                        1155.3
                    ],
                    [
                        -81.64452,
                        36.1361,
                        1160.93
                    ],
                    [
                        -81.64497,
                        36.13604,
                        1162.82
                    ],
                    [
                        -81.64555,
                        36.13602,
                        1164.32
                    ],
                    [
                        -81.64601,
                        36.13606,
                        1164.64
                    ],
                    [
                        -81.64657,
                        36.13615,
                        1164.06
                    ],
                    [
                        -81.64685,
                        36.13622,
                        1163.32
                    ],
                    [
                        -81.64761,
                        36.13651,
                        1161.51
                    ],
                    [
                        -81.648155,
                        36.13681,
                        1158.45
                    ],
                    [
                        -81.6487,
                        36.13711,
                        1155.56
                    ],
                    [
                        -81.64901,
                        36.1368,
                        1155.64
                    ],
                    [
                        -81.64927,
                        36.13663,
                        1155.71
                    ],
                    [
                        -81.64972,
                        36.13638,
                        1154.58
                    ],
                    [
                        -81.64974,
                        36.13636,
                        1154.48
                    ],
                    [
                        -81.65003,
                        36.13609,
                        1152.92
                    ],
                    [
                        -81.650468,
                        36.135433,
                        1146.45
                    ],
                    [
                        -81.650905,
                        36.134775,
                        1141.59
                    ],
                    [
                        -81.651343,
                        36.134118,
                        1135.32
                    ],
                    [
                        -81.65178,
                        36.13346,
                        1128.35
                    ],
                    [
                        -81.652075,
                        36.132995,
                        1124.65
                    ],
                    [
                        -81.65237,
                        36.13253,
                        1122.42
                    ],
                    [
                        -81.65249,
                        36.13228,
                        1122.45
                    ],
                    [
                        -81.65255,
                        36.13206,
                        1123.31
                    ],
                    [
                        -81.65259,
                        36.13173,
                        1127.07
                    ],
                    [
                        -81.65258,
                        36.13147,
                        1129.7
                    ],
                    [
                        -81.652405,
                        36.1306,
                        1138.96
                    ],
                    [
                        -81.65223,
                        36.12973,
                        1143.65
                    ],
                    [
                        -81.65214,
                        36.12897,
                        1144.93
                    ],
                    [
                        -81.65213,
                        36.12839,
                        1146.99
                    ],
                    [
                        -81.65218,
                        36.12771,
                        1151.25
                    ],
                    [
                        -81.65226,
                        36.12758,
                        1151.93
                    ],
                    [
                        -81.65258,
                        36.12721,
                        1151.87
                    ],
                    [
                        -81.65276,
                        36.12689,
                        1149.69
                    ],
                    [
                        -81.65281,
                        36.12672,
                        1149.33
                    ],
                    [
                        -81.65284,
                        36.12648,
                        1148.58
                    ],
                    [
                        -81.65272,
                        36.12579,
                        1146.5
                    ],
                    [
                        -81.65267,
                        36.12524,
                        1143.26
                    ],
                    [
                        -81.65267,
                        36.12511,
                        1142.81
                    ],
                    [
                        -81.65272,
                        36.12494,
                        1142.65
                    ],
                    [
                        -81.65281,
                        36.1248,
                        1142.8
                    ],
                    [
                        -81.65285,
                        36.12478,
                        1142.85
                    ],
                    [
                        -81.65307,
                        36.12468,
                        1143.31
                    ],
                    [
                        -81.65334,
                        36.12465,
                        1143.61
                    ],
                    [
                        -81.65371,
                        36.12464,
                        1145.84
                    ],
                    [
                        -81.65426,
                        36.12468,
                        1146.68
                    ],
                    [
                        -81.65464,
                        36.12469,
                        1149.03
                    ],
                    [
                        -81.65487,
                        36.12465,
                        1149.54
                    ],
                    [
                        -81.65526,
                        36.12453,
                        1151.62
                    ],
                    [
                        -81.6554,
                        36.12452,
                        1151.62
                    ],
                    [
                        -81.65585,
                        36.12461,
                        1153.71
                    ],
                    [
                        -81.6563,
                        36.12475,
                        1155.8
                    ],
                    [
                        -81.65693,
                        36.12475,
                        1159.35
                    ],
                    [
                        -81.65707,
                        36.12473,
                        1159.35
                    ],
                    [
                        -81.65742,
                        36.12463,
                        1161.46
                    ],
                    [
                        -81.65763,
                        36.12463,
                        1162.16
                    ],
                    [
                        -81.65791,
                        36.12471,
                        1163.44
                    ],
                    [
                        -81.65831,
                        36.12491,
                        1165.51
                    ],
                    [
                        -81.65863,
                        36.12503,
                        1166.46
                    ],
                    [
                        -81.65903,
                        36.12535,
                        1168.68
                    ],
                    [
                        -81.65916,
                        36.12541,
                        1168.97
                    ],
                    [
                        -81.65924,
                        36.12542,
                        1169.21
                    ],
                    [
                        -81.65939,
                        36.1254,
                        1169.53
                    ],
                    [
                        -81.65952,
                        36.12532,
                        1170.09
                    ],
                    [
                        -81.65964,
                        36.12519,
                        1170.69
                    ],
                    [
                        -81.65965,
                        36.12516,
                        1170.74
                    ],
                    [
                        -81.65971,
                        36.12478,
                        1169.82
                    ],
                    [
                        -81.65966,
                        36.12441,
                        1166.95
                    ],
                    [
                        -81.65942,
                        36.12385,
                        1163.19
                    ],
                    [
                        -81.65925,
                        36.12351,
                        1160.83
                    ],
                    [
                        -81.65904,
                        36.12329,
                        1159.19
                    ],
                    [
                        -81.65876,
                        36.12304,
                        1157.72
                    ],
                    [
                        -81.65845,
                        36.12267,
                        1155.89
                    ],
                    [
                        -81.65831,
                        36.12256,
                        1154.96
                    ],
                    [
                        -81.65813,
                        36.12248,
                        1154.14
                    ],
                    [
                        -81.65782,
                        36.12247,
                        1153.07
                    ],
                    [
                        -81.65765,
                        36.12242,
                        1152.55
                    ],
                    [
                        -81.65755,
                        36.12234,
                        1152.1
                    ],
                    [
                        -81.65747,
                        36.12223,
                        1151.39
                    ],
                    [
                        -81.6574,
                        36.12206,
                        1150.78
                    ],
                    [
                        -81.65737,
                        36.12181,
                        1149.85
                    ],
                    [
                        -81.65728,
                        36.12152,
                        1147.51
                    ],
                    [
                        -81.65719,
                        36.12136,
                        1146.13
                    ],
                    [
                        -81.65702,
                        36.12118,
                        1145.19
                    ],
                    [
                        -81.65638,
                        36.12067,
                        1142.08
                    ],
                    [
                        -81.65629,
                        36.1205,
                        1140.74
                    ],
                    [
                        -81.6563,
                        36.12037,
                        1139.99
                    ],
                    [
                        -81.65634,
                        36.12028,
                        1138.43
                    ],
                    [
                        -81.65666,
                        36.11988,
                        1135.25
                    ],
                    [
                        -81.65697,
                        36.11943,
                        1132.33
                    ],
                    [
                        -81.65715,
                        36.11911,
                        1129.07
                    ],
                    [
                        -81.65781,
                        36.11847,
                        1124.02
                    ],
                    [
                        -81.65795,
                        36.1184,
                        1123.29
                    ],
                    [
                        -81.65804,
                        36.11837,
                        1123.29
                    ],
                    [
                        -81.65848,
                        36.11841,
                        1121.56
                    ],
                    [
                        -81.65934,
                        36.11842,
                        1118.13
                    ],
                    [
                        -81.65942,
                        36.1184,
                        1117.79
                    ],
                    [
                        -81.65944,
                        36.11835,
                        1116.98
                    ],
                    [
                        -81.65939,
                        36.11824,
                        1116.03
                    ],
                    [
                        -81.65913,
                        36.11805,
                        1114.41
                    ],
                    [
                        -81.65911,
                        36.11794,
                        1113.28
                    ],
                    [
                        -81.65921,
                        36.11781,
                        1112.5
                    ],
                    [
                        -81.65954,
                        36.11749,
                        1112.77
                    ],
                    [
                        -81.66031,
                        36.11803,
                        1113.71
                    ],
                    [
                        -81.66094,
                        36.1185,
                        1113.69
                    ],
                    [
                        -81.66168,
                        36.119095,
                        1112.23
                    ],
                    [
                        -81.66242,
                        36.11969,
                        1111.81
                    ],
                    [
                        -81.66256,
                        36.11978,
                        1111.58
                    ],
                    [
                        -81.66288,
                        36.11994,
                        1111.53
                    ],
                    [
                        -81.66315,
                        36.12003,
                        1111.53
                    ],
                    [
                        -81.66377,
                        36.12012,
                        1111.35
                    ],
                    [
                        -81.66439,
                        36.12021,
                        1110.34
                    ],
                    [
                        -81.66489,
                        36.12031,
                        1110.45
                    ],
                    [
                        -81.66565,
                        36.12052,
                        1111.59
                    ],
                    [
                        -81.66602,
                        36.12061,
                        1113.65
                    ],
                    [
                        -81.66669,
                        36.1207,
                        1115.6
                    ],
                    [
                        -81.66727,
                        36.12073,
                        1117.77
                    ],
                    [
                        -81.66778,
                        36.12071,
                        1118.47
                    ],
                    [
                        -81.668555,
                        36.120605,
                        1116.69
                    ],
                    [
                        -81.66933,
                        36.1205,
                        1112.11
                    ],
                    [
                        -81.66964,
                        36.12051,
                        1111.26
                    ],
                    [
                        -81.66995,
                        36.12056,
                        1109.52
                    ],
                    [
                        -81.67026,
                        36.12066,
                        1108.69
                    ],
                    [
                        -81.67048,
                        36.12078,
                        1108.64
                    ],
                    [
                        -81.67075,
                        36.12097,
                        1108.96
                    ],
                    [
                        -81.67097,
                        36.12123,
                        1109.07
                    ],
                    [
                        -81.67116,
                        36.12155,
                        1107.9
                    ],
                    [
                        -81.67143,
                        36.12152,
                        1108.05
                    ],
                    [
                        -81.67162,
                        36.12156,
                        1108.48
                    ],
                    [
                        -81.67179,
                        36.12165,
                        1108.48
                    ],
                    [
                        -81.6723,
                        36.122065,
                        1109.8
                    ],
                    [
                        -81.67281,
                        36.12248,
                        1113.81
                    ],
                    [
                        -81.673,
                        36.12261,
                        1115.07
                    ],
                    [
                        -81.67358,
                        36.12283,
                        1115.72
                    ],
                    [
                        -81.67403,
                        36.12305,
                        1115.96
                    ],
                    [
                        -81.67421,
                        36.12311,
                        1116.37
                    ],
                    [
                        -81.67491,
                        36.12317,
                        1117.1
                    ],
                    [
                        -81.6751,
                        36.12323,
                        1117.63
                    ],
                    [
                        -81.67538,
                        36.12339,
                        1118.85
                    ],
                    [
                        -81.67589,
                        36.1239,
                        1122.19
                    ],
                    [
                        -81.67613,
                        36.1241,
                        1123.65
                    ],
                    [
                        -81.67627,
                        36.12418,
                        1124.34
                    ],
                    [
                        -81.6765,
                        36.12425,
                        1124.61
                    ],
                    [
                        -81.67699,
                        36.12432,
                        1124.3
                    ],
                    [
                        -81.67754,
                        36.12435,
                        1123.42
                    ],
                    [
                        -81.67777,
                        36.1244,
                        1121.79
                    ],
                    [
                        -81.67801,
                        36.1245,
                        1120.71
                    ],
                    [
                        -81.67819,
                        36.1246,
                        1119.87
                    ],
                    [
                        -81.67895,
                        36.12513,
                        1114.81
                    ],
                    [
                        -81.67913,
                        36.12532,
                        1114.16
                    ],
                    [
                        -81.67921,
                        36.12543,
                        1113.62
                    ],
                    [
                        -81.67927,
                        36.12581,
                        1112.98
                    ],
                    [
                        -81.67936,
                        36.12608,
                        1111.53
                    ],
                    [
                        -81.67944,
                        36.12619,
                        1111.53
                    ],
                    [
                        -81.67976,
                        36.12657,
                        1109.74
                    ],
                    [
                        -81.67985,
                        36.1267,
                        1108.98
                    ],
                    [
                        -81.67985,
                        36.12681,
                        1108.98
                    ],
                    [
                        -81.67958,
                        36.12729,
                        1106.23
                    ],
                    [
                        -81.6795,
                        36.12747,
                        1104.11
                    ],
                    [
                        -81.67945,
                        36.128035,
                        1100.26
                    ],
                    [
                        -81.6794,
                        36.1286,
                        1095.04
                    ],
                    [
                        -81.67934,
                        36.12892,
                        1093.1
                    ],
                    [
                        -81.67888,
                        36.12972,
                        1087.31
                    ],
                    [
                        -81.67871,
                        36.13015,
                        1086.28
                    ],
                    [
                        -81.678587,
                        36.130803,
                        1085.98
                    ],
                    [
                        -81.678463,
                        36.131457,
                        1086.43
                    ],
                    [
                        -81.67834,
                        36.13211,
                        1087.02
                    ],
                    [
                        -81.67842,
                        36.13213,
                        1086.99
                    ],
                    [
                        -81.67841,
                        36.13219,
                        1086.97
                    ],
                    [
                        -81.67859,
                        36.13225,
                        1086.56
                    ],
                    [
                        -81.67885,
                        36.13229,
                        1085.95
                    ],
                    [
                        -81.67959,
                        36.13236,
                        1082.87
                    ],
                    [
                        -81.68003,
                        36.1328,
                        1079.58
                    ],
                    [
                        -81.68027,
                        36.13298,
                        1078.74
                    ],
                    [
                        -81.68049,
                        36.13305,
                        1078.57
                    ],
                    [
                        -81.6811,
                        36.13307,
                        1078.48
                    ],
                    [
                        -81.6812,
                        36.13299,
                        1078.78
                    ],
                    [
                        -81.68195,
                        36.13265,
                        1082.15
                    ],
                    [
                        -81.68221,
                        36.13249,
                        1084.39
                    ],
                    [
                        -81.68239,
                        36.1323,
                        1086.15
                    ],
                    [
                        -81.68266,
                        36.13189,
                        1088.8
                    ],
                    [
                        -81.68285,
                        36.13168,
                        1090.18
                    ],
                    [
                        -81.68307,
                        36.13149,
                        1092.11
                    ],
                    [
                        -81.68321,
                        36.13146,
                        1092.11
                    ],
                    [
                        -81.68364,
                        36.13152,
                        1095.02
                    ],
                    [
                        -81.6837,
                        36.13151,
                        1095.02
                    ],
                    [
                        -81.68378,
                        36.13146,
                        1095.92
                    ],
                    [
                        -81.68382,
                        36.13141,
                        1096.17
                    ],
                    [
                        -81.68384,
                        36.131,
                        1096.4
                    ],
                    [
                        -81.68381,
                        36.130485,
                        1093.84
                    ],
                    [
                        -81.68378,
                        36.12997,
                        1092.65
                    ],
                    [
                        -81.68383,
                        36.12988,
                        1092.53
                    ],
                    [
                        -81.68392,
                        36.12981,
                        1092.35
                    ],
                    [
                        -81.68409,
                        36.12978,
                        1092.07
                    ],
                    [
                        -81.68479,
                        36.12978,
                        1090.68
                    ],
                    [
                        -81.68549,
                        36.12978,
                        1091.33
                    ],
                    [
                        -81.68562,
                        36.12973,
                        1091.73
                    ],
                    [
                        -81.68575,
                        36.12966,
                        1092.43
                    ],
                    [
                        -81.6858,
                        36.12951,
                        1092.43
                    ],
                    [
                        -81.68579,
                        36.12945,
                        1092.43
                    ],
                    [
                        -81.68563,
                        36.12922,
                        1094.36
                    ],
                    [
                        -81.68527,
                        36.12846,
                        1097.35
                    ],
                    [
                        -81.68523,
                        36.12833,
                        1097.83
                    ],
                    [
                        -81.6853,
                        36.12781,
                        1097.88
                    ],
                    [
                        -81.6853,
                        36.12745,
                        1097.7
                    ],
                    [
                        -81.68536,
                        36.12713,
                        1097.12
                    ],
                    [
                        -81.68545,
                        36.12698,
                        1097.12
                    ],
                    [
                        -81.68558,
                        36.12687,
                        1097.18
                    ],
                    [
                        -81.68571,
                        36.12682,
                        1097.28
                    ],
                    [
                        -81.68585,
                        36.12683,
                        1097.67
                    ],
                    [
                        -81.68605,
                        36.12691,
                        1097.79
                    ],
                    [
                        -81.68629,
                        36.12721,
                        1098.88
                    ],
                    [
                        -81.68652,
                        36.12778,
                        1103.05
                    ],
                    [
                        -81.68657,
                        36.12826,
                        1104.7
                    ],
                    [
                        -81.68683,
                        36.12855,
                        1106.1
                    ],
                    [
                        -81.68688,
                        36.12869,
                        1106.72
                    ],
                    [
                        -81.68688,
                        36.12884,
                        1107.33
                    ],
                    [
                        -81.68679,
                        36.12901,
                        1107.58
                    ],
                    [
                        -81.68665,
                        36.12923,
                        1109.26
                    ],
                    [
                        -81.6866,
                        36.12935,
                        1110.57
                    ],
                    [
                        -81.68656,
                        36.12971,
                        1112.3
                    ],
                    [
                        -81.68629,
                        36.13013,
                        1114.55
                    ],
                    [
                        -81.68619,
                        36.13034,
                        1115.44
                    ],
                    [
                        -81.68629,
                        36.1303,
                        1115.86
                    ],
                    [
                        -81.68647,
                        36.13014,
                        1117.02
                    ],
                    [
                        -81.68665,
                        36.13008,
                        1117.48
                    ],
                    [
                        -81.68679,
                        36.13009,
                        1118.24
                    ],
                    [
                        -81.687,
                        36.13018,
                        1119.77
                    ],
                    [
                        -81.68715,
                        36.13027,
                        1121.62
                    ],
                    [
                        -81.68719,
                        36.13034,
                        1121.62
                    ],
                    [
                        -81.68723,
                        36.13045,
                        1122.52
                    ],
                    [
                        -81.68724,
                        36.13068,
                        1123.44
                    ],
                    [
                        -81.68728,
                        36.13078,
                        1123.96
                    ],
                    [
                        -81.6875,
                        36.13112,
                        1126.33
                    ],
                    [
                        -81.68755,
                        36.13148,
                        1124.36
                    ],
                    [
                        -81.68759,
                        36.13154,
                        1123.77
                    ],
                    [
                        -81.68768,
                        36.1316,
                        1123.26
                    ],
                    [
                        -81.68853,
                        36.13189,
                        1122.17
                    ],
                    [
                        -81.68889,
                        36.1319,
                        1122.39
                    ],
                    [
                        -81.68907,
                        36.13193,
                        1122.79
                    ],
                    [
                        -81.68938,
                        36.13208,
                        1123.47
                    ],
                    [
                        -81.68983,
                        36.13224,
                        1125.04
                    ],
                    [
                        -81.69029,
                        36.13246,
                        1126.83
                    ],
                    [
                        -81.69037,
                        36.1326,
                        1128.47
                    ],
                    [
                        -81.69041,
                        36.13297,
                        1130.02
                    ],
                    [
                        -81.69054,
                        36.13303,
                        1130.53
                    ],
                    [
                        -81.69086,
                        36.13356,
                        1133.78
                    ],
                    [
                        -81.69117,
                        36.1342,
                        1136.41
                    ],
                    [
                        -81.69149,
                        36.13472,
                        1138.34
                    ],
                    [
                        -81.69184,
                        36.13536,
                        1141.36
                    ],
                    [
                        -81.69216,
                        36.1356,
                        1144.25
                    ],
                    [
                        -81.69269,
                        36.13581,
                        1145.69
                    ],
                    [
                        -81.69306,
                        36.13604,
                        1147.72
                    ],
                    [
                        -81.69332,
                        36.13628,
                        1148.46
                    ],
                    [
                        -81.69345,
                        36.13654,
                        1148.13
                    ],
                    [
                        -81.69349,
                        36.13669,
                        1148.13
                    ],
                    [
                        -81.6935,
                        36.13699,
                        1146.8
                    ],
                    [
                        -81.693455,
                        36.137545,
                        1145.59
                    ],
                    [
                        -81.69341,
                        36.1381,
                        1142.82
                    ],
                    [
                        -81.69328,
                        36.13829,
                        1142.29
                    ],
                    [
                        -81.69333,
                        36.13838,
                        1141.91
                    ],
                    [
                        -81.69341,
                        36.13846,
                        1141.91
                    ],
                    [
                        -81.69347,
                        36.13858,
                        1141.64
                    ],
                    [
                        -81.69359,
                        36.13863,
                        1140.97
                    ],
                    [
                        -81.69377,
                        36.13881,
                        1140.07
                    ],
                    [
                        -81.69382,
                        36.13893,
                        1139.77
                    ],
                    [
                        -81.69382,
                        36.1391,
                        1139.58
                    ],
                    [
                        -81.69377,
                        36.13955,
                        1139.6
                    ],
                    [
                        -81.69372,
                        36.13972,
                        1139.05
                    ],
                    [
                        -81.69412,
                        36.13988,
                        1138.67
                    ],
                    [
                        -81.69461,
                        36.14019,
                        1139.25
                    ],
                    [
                        -81.69481,
                        36.14039,
                        1139.78
                    ],
                    [
                        -81.69507,
                        36.14073,
                        1141.43
                    ],
                    [
                        -81.69547,
                        36.14155,
                        1147.77
                    ],
                    [
                        -81.695705,
                        36.14214,
                        1152.12
                    ],
                    [
                        -81.69594,
                        36.14273,
                        1154.83
                    ],
                    [
                        -81.6962,
                        36.14333,
                        1158.3
                    ],
                    [
                        -81.69646,
                        36.14393,
                        1160.07
                    ],
                    [
                        -81.69678,
                        36.14449,
                        1160.68
                    ],
                    [
                        -81.69718,
                        36.14492,
                        1160.99
                    ],
                    [
                        -81.69789,
                        36.14544,
                        1162.07
                    ],
                    [
                        -81.69856,
                        36.14573,
                        1164.02
                    ],
                    [
                        -81.69928,
                        36.14591,
                        1166.95
                    ],
                    [
                        -81.70002,
                        36.14599,
                        1170.63
                    ],
                    [
                        -81.70012,
                        36.14637,
                        1171.46
                    ],
                    [
                        -81.70007,
                        36.14646,
                        1171.41
                    ],
                    [
                        -81.69972,
                        36.14688,
                        1169.79
                    ],
                    [
                        -81.69964,
                        36.147,
                        1169.43
                    ],
                    [
                        -81.69956,
                        36.14727,
                        1168.59
                    ],
                    [
                        -81.69919,
                        36.14723,
                        1168.87
                    ],
                    [
                        -81.69879,
                        36.14725,
                        1170.4
                    ],
                    [
                        -81.69843,
                        36.14733,
                        1172.67
                    ],
                    [
                        -81.69797,
                        36.1475,
                        1175.36
                    ],
                    [
                        -81.69757,
                        36.14776,
                        1180.69
                    ],
                    [
                        -81.69739,
                        36.14791,
                        1180.69
                    ],
                    [
                        -81.696897,
                        36.148433,
                        1185.6
                    ],
                    [
                        -81.696403,
                        36.148957,
                        1189.42
                    ],
                    [
                        -81.69591,
                        36.14948,
                        1194.94
                    ],
                    [
                        -81.6956,
                        36.14977,
                        1198.24
                    ],
                    [
                        -81.6952,
                        36.15007,
                        1201.48
                    ],
                    [
                        -81.6948,
                        36.15031,
                        1204.94
                    ],
                    [
                        -81.69439,
                        36.15052,
                        1207.12
                    ],
                    [
                        -81.69358,
                        36.15082,
                        1211.67
                    ],
                    [
                        -81.69323,
                        36.1509,
                        1212.46
                    ],
                    [
                        -81.69267,
                        36.151005,
                        1214.24
                    ],
                    [
                        -81.69211,
                        36.15111,
                        1215.57
                    ],
                    [
                        -81.691195,
                        36.15127,
                        1216.55
                    ],
                    [
                        -81.69028,
                        36.15143,
                        1216.71
                    ],
                    [
                        -81.68965,
                        36.15157,
                        1216.03
                    ],
                    [
                        -81.6888,
                        36.151815,
                        1213.81
                    ],
                    [
                        -81.68795,
                        36.15206,
                        1208.94
                    ],
                    [
                        -81.68754,
                        36.15215,
                        1207.46
                    ],
                    [
                        -81.68697,
                        36.15224,
                        1203.15
                    ],
                    [
                        -81.685955,
                        36.15232,
                        1199.06
                    ],
                    [
                        -81.68494,
                        36.1524,
                        1191.67
                    ],
                    [
                        -81.68432,
                        36.15247,
                        1188.77
                    ],
                    [
                        -81.68383,
                        36.15259,
                        1186.9
                    ],
                    [
                        -81.68343,
                        36.15276,
                        1185.01
                    ],
                    [
                        -81.68306,
                        36.153,
                        1183.81
                    ],
                    [
                        -81.68285,
                        36.15318,
                        1183.51
                    ],
                    [
                        -81.68269,
                        36.15336,
                        1183.48
                    ],
                    [
                        -81.68249,
                        36.15363,
                        1182.8
                    ],
                    [
                        -81.68222,
                        36.15411,
                        1182.17
                    ],
                    [
                        -81.68195,
                        36.15452,
                        1181.37
                    ],
                    [
                        -81.68181,
                        36.1547,
                        1181.37
                    ],
                    [
                        -81.6815,
                        36.15499,
                        1181
                    ],
                    [
                        -81.68128,
                        36.15516,
                        1180.45
                    ],
                    [
                        -81.6811,
                        36.15527,
                        1180.05
                    ],
                    [
                        -81.68047,
                        36.15559,
                        1178.25
                    ],
                    [
                        -81.67976,
                        36.1559,
                        1175.13
                    ],
                    [
                        -81.67922,
                        36.15609,
                        1172.84
                    ],
                    [
                        -81.67864,
                        36.15624,
                        1169.26
                    ],
                    [
                        -81.67868,
                        36.15623,
                        1169.44
                    ],
                    [
                        -81.67833,
                        36.15627,
                        1168.74
                    ],
                    [
                        -81.67801,
                        36.15627,
                        1165.77
                    ],
                    [
                        -81.67765,
                        36.15623,
                        1163.41
                    ],
                    [
                        -81.67725,
                        36.15616,
                        1159.88
                    ],
                    [
                        -81.67622,
                        36.15594,
                        1153.82
                    ],
                    [
                        -81.67565,
                        36.15591,
                        1150.74
                    ],
                    [
                        -81.67529,
                        36.15594,
                        1149.18
                    ],
                    [
                        -81.675,
                        36.156,
                        1147.58
                    ],
                    [
                        -81.67465,
                        36.15609,
                        1142.56
                    ],
                    [
                        -81.6743,
                        36.15623,
                        1142.56
                    ],
                    [
                        -81.67343,
                        36.15664,
                        1137.64
                    ],
                    [
                        -81.67309,
                        36.15676,
                        1135.55
                    ],
                    [
                        -81.67285,
                        36.15682,
                        1134.83
                    ],
                    [
                        -81.67246,
                        36.15686,
                        1133.17
                    ],
                    [
                        -81.67193,
                        36.15684,
                        1131.35
                    ],
                    [
                        -81.67147,
                        36.15674,
                        1128.92
                    ],
                    [
                        -81.67101,
                        36.1566,
                        1126.41
                    ],
                    [
                        -81.67078,
                        36.15651,
                        1126.4
                    ],
                    [
                        -81.6703,
                        36.1563,
                        1124.51
                    ],
                    [
                        -81.66941,
                        36.15581,
                        1117.35
                    ],
                    [
                        -81.66888,
                        36.15542,
                        1111.8
                    ],
                    [
                        -81.66856,
                        36.15516,
                        1110.59
                    ],
                    [
                        -81.66808,
                        36.15472,
                        1105.32
                    ],
                    [
                        -81.66775,
                        36.15429,
                        1103.69
                    ],
                    [
                        -81.66759,
                        36.15407,
                        1101.16
                    ],
                    [
                        -81.66722,
                        36.15323,
                        1094.4
                    ],
                    [
                        -81.666993,
                        36.1526,
                        1090.39
                    ],
                    [
                        -81.666767,
                        36.15197,
                        1086.45
                    ],
                    [
                        -81.66654,
                        36.15134,
                        1084.06
                    ],
                    [
                        -81.66628,
                        36.15079,
                        1081
                    ],
                    [
                        -81.66587,
                        36.15018,
                        1076.21
                    ],
                    [
                        -81.66561,
                        36.14987,
                        1074.58
                    ],
                    [
                        -81.66516,
                        36.14944,
                        1069.3
                    ],
                    [
                        -81.66463,
                        36.14906,
                        1064.88
                    ],
                    [
                        -81.66411,
                        36.14874,
                        1060.84
                    ],
                    [
                        -81.66357,
                        36.148435,
                        1057.08
                    ],
                    [
                        -81.66303,
                        36.14813,
                        1054.41
                    ],
                    [
                        -81.66261,
                        36.14783,
                        1053.69
                    ],
                    [
                        -81.6624,
                        36.14764,
                        1053.9
                    ],
                    [
                        -81.6622,
                        36.14739,
                        1053.77
                    ],
                    [
                        -81.66192,
                        36.147,
                        1054.36
                    ],
                    [
                        -81.66192,
                        36.14699,
                        1054.38
                    ],
                    [
                        -81.66172,
                        36.14705,
                        1054.93
                    ],
                    [
                        -81.66161,
                        36.14713,
                        1054.92
                    ],
                    [
                        -81.6615,
                        36.14726,
                        1054.92
                    ],
                    [
                        -81.66131,
                        36.14757,
                        1051.45
                    ],
                    [
                        -81.66122,
                        36.14775,
                        1050.94
                    ],
                    [
                        -81.66118,
                        36.1479,
                        1050.47
                    ],
                    [
                        -81.66118,
                        36.14822,
                        1048.89
                    ],
                    [
                        -81.66122,
                        36.14833,
                        1048.75
                    ],
                    [
                        -81.66137,
                        36.14853,
                        1048.71
                    ],
                    [
                        -81.6614,
                        36.14862,
                        1048.83
                    ],
                    [
                        -81.66141,
                        36.14871,
                        1048.84
                    ],
                    [
                        -81.6614,
                        36.14877,
                        1048.6
                    ],
                    [
                        -81.66137,
                        36.14884,
                        1048.42
                    ],
                    [
                        -81.660645,
                        36.14939,
                        1046.61
                    ],
                    [
                        -81.65992,
                        36.14994,
                        1046.56
                    ],
                    [
                        -81.65975,
                        36.15005,
                        1046.28
                    ],
                    [
                        -81.65934,
                        36.15037,
                        1045.88
                    ],
                    [
                        -81.65845,
                        36.15085,
                        1045.1
                    ],
                    [
                        -81.65805,
                        36.15104,
                        1045.03
                    ],
                    [
                        -81.65763,
                        36.15122,
                        1044.17
                    ],
                    [
                        -81.65701,
                        36.15137,
                        1043.42
                    ],
                    [
                        -81.65648,
                        36.15146,
                        1043.48
                    ],
                    [
                        -81.6559,
                        36.15146,
                        1044.07
                    ],
                    [
                        -81.65489,
                        36.15135,
                        1045.17
                    ],
                    [
                        -81.65397,
                        36.15124,
                        1045.77
                    ],
                    [
                        -81.65362,
                        36.15121,
                        1046.21
                    ],
                    [
                        -81.65348,
                        36.15122,
                        1046.35
                    ],
                    [
                        -81.65307,
                        36.15128,
                        1046.56
                    ],
                    [
                        -81.65263,
                        36.15148,
                        1045.38
                    ],
                    [
                        -81.65236,
                        36.1517,
                        1044.32
                    ],
                    [
                        -81.65191,
                        36.15228,
                        1041.41
                    ],
                    [
                        -81.65172,
                        36.15248,
                        1039.9
                    ],
                    [
                        -81.65156,
                        36.15259,
                        1038.8
                    ],
                    [
                        -81.65111,
                        36.15282,
                        1037.42
                    ],
                    [
                        -81.6507,
                        36.15292,
                        1036.1
                    ],
                    [
                        -81.649613,
                        36.153073,
                        1032.35
                    ],
                    [
                        -81.648527,
                        36.153227,
                        1030.68
                    ],
                    [
                        -81.64744,
                        36.15338,
                        1030.92
                    ],
                    [
                        -81.64703,
                        36.15347,
                        1030.84
                    ],
                    [
                        -81.64667,
                        36.15361,
                        1030.58
                    ],
                    [
                        -81.64634,
                        36.15381,
                        1030.41
                    ],
                    [
                        -81.64613,
                        36.15402,
                        1030.01
                    ],
                    [
                        -81.64595,
                        36.15425,
                        1029.72
                    ],
                    [
                        -81.64589,
                        36.15433,
                        1029.72
                    ],
                    [
                        -81.64588,
                        36.15436,
                        1029.69
                    ],
                    [
                        -81.64578,
                        36.15463,
                        1029.38
                    ],
                    [
                        -81.64573,
                        36.15493,
                        1029.2
                    ],
                    [
                        -81.64574,
                        36.15517,
                        1028.87
                    ],
                    [
                        -81.64594,
                        36.15574,
                        1029.08
                    ],
                    [
                        -81.64614,
                        36.15631,
                        1030.24
                    ],
                    [
                        -81.64632,
                        36.15693,
                        1031.31
                    ],
                    [
                        -81.64648,
                        36.15774,
                        1031.35
                    ],
                    [
                        -81.6465,
                        36.15848,
                        1028.7
                    ],
                    [
                        -81.64649,
                        36.15908,
                        1025.5
                    ],
                    [
                        -81.64636,
                        36.15965,
                        1024.29
                    ],
                    [
                        -81.64614,
                        36.16004,
                        1022.91
                    ],
                    [
                        -81.64578,
                        36.16046,
                        1022.34
                    ],
                    [
                        -81.6455,
                        36.1607,
                        1022.15
                    ],
                    [
                        -81.64493,
                        36.16106,
                        1022
                    ],
                    [
                        -81.64417,
                        36.16153,
                        1022.06
                    ],
                    [
                        -81.64381,
                        36.1618,
                        1022.14
                    ],
                    [
                        -81.64358,
                        36.16204,
                        1022.14
                    ],
                    [
                        -81.6435,
                        36.16215,
                        1022.07
                    ],
                    [
                        -81.64338,
                        36.16238,
                        1022.06
                    ],
                    [
                        -81.64331,
                        36.16263,
                        1021.82
                    ],
                    [
                        -81.64331,
                        36.16316,
                        1021.83
                    ],
                    [
                        -81.64338,
                        36.16337,
                        1021.8
                    ],
                    [
                        -81.64348,
                        36.16355,
                        1021.86
                    ],
                    [
                        -81.64363,
                        36.16376,
                        1021.86
                    ],
                    [
                        -81.6439,
                        36.16401,
                        1021.95
                    ],
                    [
                        -81.64403,
                        36.16411,
                        1021.95
                    ],
                    [
                        -81.644765,
                        36.164525,
                        1021.93
                    ],
                    [
                        -81.6455,
                        36.16494,
                        1021.88
                    ],
                    [
                        -81.64587,
                        36.16521,
                        1021.87
                    ],
                    [
                        -81.64609,
                        36.16541,
                        1022
                    ],
                    [
                        -81.64654,
                        36.16597,
                        1022.17
                    ],
                    [
                        -81.64676,
                        36.16638,
                        1021.78
                    ],
                    [
                        -81.64684,
                        36.16655,
                        1021.58
                    ],
                    [
                        -81.64694,
                        36.16692,
                        1020.59
                    ],
                    [
                        -81.64699,
                        36.16739,
                        1019.07
                    ],
                    [
                        -81.64693,
                        36.16793,
                        1016.95
                    ],
                    [
                        -81.64686,
                        36.16818,
                        1015.88
                    ],
                    [
                        -81.64676,
                        36.16846,
                        1014.76
                    ],
                    [
                        -81.64639,
                        36.169195,
                        1014.13
                    ],
                    [
                        -81.64602,
                        36.16993,
                        1014.49
                    ],
                    [
                        -81.64582,
                        36.17041,
                        1014.85
                    ],
                    [
                        -81.64573,
                        36.17067,
                        1014.98
                    ],
                    [
                        -81.64569,
                        36.17091,
                        1015.11
                    ],
                    [
                        -81.64573,
                        36.17139,
                        1015.09
                    ],
                    [
                        -81.64578,
                        36.17159,
                        1014.95
                    ],
                    [
                        -81.64591,
                        36.17192,
                        1014.93
                    ],
                    [
                        -81.64601,
                        36.17211,
                        1014.88
                    ],
                    [
                        -81.64614,
                        36.17229,
                        1014.88
                    ],
                    [
                        -81.64631,
                        36.17246,
                        1014.81
                    ],
                    [
                        -81.64694,
                        36.173,
                        1014.19
                    ],
                    [
                        -81.647405,
                        36.17337,
                        1013.23
                    ],
                    [
                        -81.64787,
                        36.17374,
                        1012.16
                    ],
                    [
                        -81.64807,
                        36.17394,
                        1012.16
                    ],
                    [
                        -81.64826,
                        36.17417,
                        1011.53
                    ],
                    [
                        -81.64837,
                        36.17438,
                        1011.34
                    ],
                    [
                        -81.64847,
                        36.17465,
                        1010.89
                    ],
                    [
                        -81.64851,
                        36.17494,
                        1010.8
                    ],
                    [
                        -81.64846,
                        36.17525,
                        1010.73
                    ],
                    [
                        -81.648272,
                        36.175998,
                        1010.54
                    ],
                    [
                        -81.648084,
                        36.176746,
                        1009.81
                    ],
                    [
                        -81.647896,
                        36.177494,
                        1009.17
                    ],
                    [
                        -81.647708,
                        36.178242,
                        1008.42
                    ],
                    [
                        -81.64752,
                        36.17899,
                        1008.35
                    ],
                    [
                        -81.64738,
                        36.17969,
                        1008.89
                    ],
                    [
                        -81.64735,
                        36.17986,
                        1009.01
                    ],
                    [
                        -81.64741,
                        36.1802,
                        1008.72
                    ],
                    [
                        -81.64752,
                        36.18047,
                        1008.81
                    ],
                    [
                        -81.6476,
                        36.18059,
                        1008.95
                    ],
                    [
                        -81.64789,
                        36.18092,
                        1009.05
                    ],
                    [
                        -81.64817,
                        36.18111,
                        1009.48
                    ],
                    [
                        -81.64893,
                        36.18149,
                        1012.47
                    ],
                    [
                        -81.64936,
                        36.18169,
                        1017.28
                    ],
                    [
                        -81.64972,
                        36.18189,
                        1021.29
                    ],
                    [
                        -81.64999,
                        36.1821,
                        1023.22
                    ],
                    [
                        -81.65016,
                        36.18228,
                        1024.29
                    ],
                    [
                        -81.65039,
                        36.18256,
                        1026.24
                    ],
                    [
                        -81.65052,
                        36.18279,
                        1026.79
                    ],
                    [
                        -81.65061,
                        36.18304,
                        1027.37
                    ],
                    [
                        -81.65078,
                        36.18376,
                        1027.81
                    ],
                    [
                        -81.65098,
                        36.18426,
                        1027.33
                    ],
                    [
                        -81.65136,
                        36.18479,
                        1023.5
                    ],
                    [
                        -81.651905,
                        36.185425,
                        1016.09
                    ],
                    [
                        -81.65245,
                        36.18606,
                        1011.02
                    ],
                    [
                        -81.65262,
                        36.18635,
                        1007.63
                    ],
                    [
                        -81.65275,
                        36.18677,
                        1005.07
                    ],
                    [
                        -81.65281,
                        36.18709,
                        1002
                    ],
                    [
                        -81.65286,
                        36.18767,
                        998.61
                    ],
                    [
                        -81.65294,
                        36.18794,
                        997.02
                    ],
                    [
                        -81.65312,
                        36.18832,
                        995.59
                    ],
                    [
                        -81.65326,
                        36.1885,
                        994.53
                    ],
                    [
                        -81.65343,
                        36.18865,
                        994.15
                    ],
                    [
                        -81.65371,
                        36.1889,
                        993.92
                    ],
                    [
                        -81.65389,
                        36.18901,
                        993.69
                    ],
                    [
                        -81.65433,
                        36.1892,
                        993.6
                    ],
                    [
                        -81.65481,
                        36.18934,
                        992.92
                    ],
                    [
                        -81.65504,
                        36.18945,
                        991.51
                    ],
                    [
                        -81.65518,
                        36.18958,
                        990.49
                    ],
                    [
                        -81.65532,
                        36.18976,
                        988.04
                    ],
                    [
                        -81.6554,
                        36.18993,
                        985.31
                    ],
                    [
                        -81.65545,
                        36.1901,
                        985.31
                    ],
                    [
                        -81.6554,
                        36.19042,
                        981.69
                    ],
                    [
                        -81.65531,
                        36.1906,
                        980.67
                    ],
                    [
                        -81.65513,
                        36.19077,
                        978.71
                    ],
                    [
                        -81.65441,
                        36.191313,
                        973.14
                    ],
                    [
                        -81.65369,
                        36.191857,
                        968.09
                    ],
                    [
                        -81.65297,
                        36.1924,
                        963.87
                    ],
                    [
                        -81.65281,
                        36.19256,
                        963.47
                    ],
                    [
                        -81.65263,
                        36.19276,
                        963.51
                    ],
                    [
                        -81.65246,
                        36.19308,
                        963.88
                    ],
                    [
                        -81.65236,
                        36.19334,
                        962.52
                    ],
                    [
                        -81.65227,
                        36.19371,
                        961.95
                    ],
                    [
                        -81.65227,
                        36.19412,
                        961.84
                    ],
                    [
                        -81.65235,
                        36.19454,
                        962.32
                    ],
                    [
                        -81.65245,
                        36.19492,
                        963.71
                    ],
                    [
                        -81.65247,
                        36.19492,
                        963.78
                    ],
                    [
                        -81.65258,
                        36.19488,
                        964.06
                    ],
                    [
                        -81.65266,
                        36.19483,
                        964.19
                    ],
                    [
                        -81.65275,
                        36.19456,
                        965.6
                    ],
                    [
                        -81.65277,
                        36.19451,
                        966.74
                    ],
                    [
                        -81.65286,
                        36.19447,
                        967.1
                    ],
                    [
                        -81.65299,
                        36.19446,
                        967.97
                    ],
                    [
                        -81.6532,
                        36.19447,
                        968.45
                    ],
                    [
                        -81.65367,
                        36.19457,
                        969.48
                    ],
                    [
                        -81.65469,
                        36.19493,
                        969.47
                    ],
                    [
                        -81.65491,
                        36.19496,
                        969.5
                    ],
                    [
                        -81.6551,
                        36.19495,
                        969.73
                    ],
                    [
                        -81.65571,
                        36.19485,
                        969.97
                    ],
                    [
                        -81.6559,
                        36.19487,
                        969.97
                    ],
                    [
                        -81.65611,
                        36.19492,
                        970.08
                    ],
                    [
                        -81.65683,
                        36.195295,
                        969.85
                    ],
                    [
                        -81.65755,
                        36.19567,
                        967.68
                    ],
                    [
                        -81.65811,
                        36.19587,
                        966.35
                    ],
                    [
                        -81.65877,
                        36.19608,
                        964.49
                    ],
                    [
                        -81.65948,
                        36.196125,
                        962.7
                    ],
                    [
                        -81.66019,
                        36.19617,
                        960.38
                    ],
                    [
                        -81.661265,
                        36.196335,
                        958.99
                    ],
                    [
                        -81.66234,
                        36.1965,
                        956.77
                    ],
                    [
                        -81.66278,
                        36.19655,
                        955.67
                    ],
                    [
                        -81.66297,
                        36.1966,
                        954.54
                    ],
                    [
                        -81.66315,
                        36.19667,
                        954.08
                    ],
                    [
                        -81.66328,
                        36.19679,
                        954.08
                    ],
                    [
                        -81.66342,
                        36.19706,
                        953.82
                    ],
                    [
                        -81.663395,
                        36.19753,
                        953.27
                    ],
                    [
                        -81.66337,
                        36.198,
                        951.84
                    ],
                    [
                        -81.66418,
                        36.198007,
                        952.36
                    ],
                    [
                        -81.66499,
                        36.198013,
                        953.42
                    ],
                    [
                        -81.6658,
                        36.19802,
                        954.1
                    ],
                    [
                        -81.66606,
                        36.19805,
                        954.17
                    ],
                    [
                        -81.667063,
                        36.19828,
                        954.77
                    ],
                    [
                        -81.668067,
                        36.19851,
                        955.49
                    ],
                    [
                        -81.66907,
                        36.19874,
                        956.76
                    ],
                    [
                        -81.66995,
                        36.19896,
                        958.18
                    ],
                    [
                        -81.67017,
                        36.19906,
                        958.1
                    ],
                    [
                        -81.67031,
                        36.19917,
                        957.81
                    ],
                    [
                        -81.6704,
                        36.19927,
                        957.68
                    ],
                    [
                        -81.67045,
                        36.19947,
                        957.46
                    ],
                    [
                        -81.67048,
                        36.19983,
                        957.19
                    ],
                    [
                        -81.67048,
                        36.20024,
                        957.09
                    ],
                    [
                        -81.67038,
                        36.20099,
                        957.18
                    ],
                    [
                        -81.6706,
                        36.20102,
                        957.93
                    ],
                    [
                        -81.67062,
                        36.20115,
                        958.52
                    ],
                    [
                        -81.67099,
                        36.2012,
                        959.18
                    ],
                    [
                        -81.67111,
                        36.20127,
                        959.3
                    ],
                    [
                        -81.67139,
                        36.20133,
                        959.3
                    ]
                ]
            }
        },
        {
            "type": "Feature",
            "properties": {
                "name": "Basils Parking Lot"
            },
            "geometry": {
                "type": "Point",
                "coordinates": [
                    -81.671388,
                    36.20133
                ]
            }
        }
    ]
}